event_url,round,Rank,Lane,Athlete,Nation,Result,Notes
https://en.wikipedia.org/wiki/Athletics_at_the_2024_Summer_Olympics_–_Men's_100_metres,Heat 1,1,2,Ebrahima Camara,The Gambia,10.29,Q
https://en.wikipedia.org/wiki/Athletics_at_the_2024_Summer_Olympics_–_Men's_100_metres,Heat 1,2,3,Muhd Azeem Fahmi,Malaysia,10.42,Q
https://en.wikipedia.org/wiki/Athletics_at_the_2024_Summer_Olympics_–_Men's_100_metres,Heat 1,3,4,Marc Brian Louis,Singapore,10.43,q
https://en.wikipedia.org/wiki/Athletics_at_the_2024_Summer_Olympics_–_Men's_100_metres,Heat 1,4,5,Sha Mahmood Noor Zahi,Afghanistan,10.64,NR
https://en.wikipedia.org/wiki/Athletics_at_the_2024_Summer_Olympics_–_Men's_100_metres,Heat 1,5,6,Seco Camara,Guinea-Bissau,10.76,
https://en.wikipedia.org/wiki/Athletics_at_the_2024_Summer_Olympics_–_Men's_100_metres,Heat 1,6,7,William Reed,Marshall Islands,11.29,PB
https://en.wikipedia.org/wiki/Athletics_at_the_2024_Summer_Olympics_–_Men's_100_metres,Heat 1,7,8,Karalo Maibuca,Tuvalu,11.30,NR
https://en.wikipedia.org/wiki/Athletics_at_the_2024_Summer_Olympics_–_Men's_100_metres,Heat 2,1,2,Davonte Howell,Cayman Islands,10.31,Q
https://en.wikipedia.org/wiki/Athletics_at_the_2024_Summer_Olympics_–_Men's_100_metres,Heat 2,2,4,Sibusiso Matsenjwa,Eswatini,10.39,Q
https://en.wikipedia.org/wiki/Athletics_at_the_2024_Summer_Olympics_–_Men's_100_metres,Heat 2,3,6,Didier Kiki,Benin,10.76 (.755),
https://en.wikipedia.org/wiki/Athletics_at_the_2024_Summer_Olympics_–_Men's_100_metres,Heat 2,4,5,Hervé Toumandji,Central African Republic,10.76 (.760),
https://en.wikipedia.org/wiki/Athletics_at_the_2024_Summer_Olympics_–_Men's_100_metres,Heat 2,5,7,Kenaz Kaniwete,Kiribati,11.29,PB
https://en.wikipedia.org/wiki/Athletics_at_the_2024_Summer_Olympics_–_Men's_100_metres,Heat 2,6,8,Darko Pešić,Montenegro,11.85,
https://en.wikipedia.org/wiki/Athletics_at_the_2024_Summer_Olympics_–_Men's_100_metres,Heat 2,—,3,Steven Sabino,Mozambique,DQ,TR 16.8
https://en.wikipedia.org/wiki/Athletics_at_the_2024_Summer_Olympics_–_Men's_100_metres,Heat 3,1,2,Noa Bibi,Mauritius,10.27,Q
https://en.wikipedia.org/wiki/Athletics_at_the_2024_Summer_Olympics_–_Men's_100_metres,Heat 3,2,5,Franko Burraj,Albania,10.60 (.596),"Q,PB"
https://en.wikipedia.org/wiki/Athletics_at_the_2024_Summer_Olympics_–_Men's_100_metres,Heat 3,3,4,Favoris Muzrapov[it],Tajikistan,10.60 (.597),
https://en.wikipedia.org/wiki/Athletics_at_the_2024_Summer_Olympics_–_Men's_100_metres,Heat 3,4,3,Diu Chun Hei,Hong Kong,10.62,
https://en.wikipedia.org/wiki/Athletics_at_the_2024_Summer_Olympics_–_Men's_100_metres,Heat 3,5,6,Melique García,Honduras,10.76,
https://en.wikipedia.org/wiki/Athletics_at_the_2024_Summer_Olympics_–_Men's_100_metres,Heat 3,6,7,Rija Gardiner[de],Madagascar,10.82,PB
https://en.wikipedia.org/wiki/Athletics_at_the_2024_Summer_Olympics_–_Men's_100_metres,Heat 3,7,9,Manuel Ataide,Timor-Leste,11.35,NR
https://en.wikipedia.org/wiki/Athletics_at_the_2024_Summer_Olympics_–_Men's_100_metres,Heat 3,8,8,Samer Al-Yafaee[de],Yemen,11.54,PB
https://en.wikipedia.org/wiki/Athletics_at_the_2024_Summer_Olympics_–_Men's_100_metres,Heat 4,1,2,Christopher Borzor,Haiti,10.26,Q
https://en.wikipedia.org/wiki/Athletics_at_the_2024_Summer_Olympics_–_Men's_100_metres,Heat 4,2,4,Marcos Santos,Angola,10.31,"Q,NR"
https://en.wikipedia.org/wiki/Athletics_at_the_2024_Summer_Olympics_–_Men's_100_metres,Heat 4,3,3,Hachim Maaroufou,Comoros,10.44,q
https://en.wikipedia.org/wiki/Athletics_at_the_2024_Summer_Olympics_–_Men's_100_metres,Heat 4,4,9,Taha Hussein Yaseen,Iraq,10.51,"q,PB"
https://en.wikipedia.org/wiki/Athletics_at_the_2024_Summer_Olympics_–_Men's_100_metres,Heat 4,5,5,Ibadulla Adam,Maldives,10.55,PB
https://en.wikipedia.org/wiki/Athletics_at_the_2024_Summer_Olympics_–_Men's_100_metres,Heat 4,6,6,Shaun Gill,Belize,11.17,
https://en.wikipedia.org/wiki/Athletics_at_the_2024_Summer_Olympics_–_Men's_100_metres,Heat 4,7,8,Scott Fiti,Federated States of Micronesia,11.61,SB
https://en.wikipedia.org/wiki/Athletics_at_the_2024_Summer_Olympics_–_Men's_100_metres,Heat 4,8,7,Ahmed Essabai[de],Libya,11.89,
https://en.wikipedia.org/wiki/Athletics_at_the_2024_Summer_Olympics_–_Men's_100_metres,Heat 5,1,3,Naquille Harris,Saint Kitts and Nevis,10.33,Q
https://en.wikipedia.org/wiki/Athletics_at_the_2024_Summer_Olympics_–_Men's_100_metres,Heat 5,2,2,Lalu Muhammad Zohri,Indonesia,10.35,Q
https://en.wikipedia.org/wiki/Athletics_at_the_2024_Summer_Olympics_–_Men's_100_metres,Heat 5,3,4,Fodé Sissoko,Mali,10.66,
https://en.wikipedia.org/wiki/Athletics_at_the_2024_Summer_Olympics_–_Men's_100_metres,Heat 5,4,7,Joseph Green,Guam,10.85,SB
https://en.wikipedia.org/wiki/Athletics_at_the_2024_Summer_Olympics_–_Men's_100_metres,Heat 5,5,6,Winzar Kakiouea,Nauru,11.15,
https://en.wikipedia.org/wiki/Athletics_at_the_2024_Summer_Olympics_–_Men's_100_metres,Heat 5,6,9,Remigio Santander,Equatorial Guinea,11.65,SB
https://en.wikipedia.org/wiki/Athletics_at_the_2024_Summer_Olympics_–_Men's_100_metres,Heat 5,7,8,Maleselo Fukofuka,Tonga,12.11,PB
https://en.wikipedia.org/wiki/Athletics_at_the_2024_Summer_Olympics_–_Men's_100_metres,Heat 5,—,5,Dominique Mulamba,Democratic Republic of the Congo,10.54DQ[18],"q, SB"
https://en.wikipedia.org/wiki/Athletics_at_the_2024_Summer_Olympics_–_Men's_100_metres,Heat 6,1,2,Arturo Deliser,Panama,10.34,Q
https://en.wikipedia.org/wiki/Athletics_at_the_2024_Summer_Olympics_–_Men's_100_metres,Heat 6,2,4,Dylan Sicobo,Seychelles,10.51,Q
https://en.wikipedia.org/wiki/Athletics_at_the_2024_Summer_Olympics_–_Men's_100_metres,Heat 6,3,5,Wissy Hoye[de],Gabon,10.59,
https://en.wikipedia.org/wiki/Athletics_at_the_2024_Summer_Olympics_–_Men's_100_metres,Heat 6,4,7,Jalen Lisse[nl],Suriname,10.64,PB
https://en.wikipedia.org/wiki/Athletics_at_the_2024_Summer_Olympics_–_Men's_100_metres,Heat 6,5,3,Beppe Grillo[de],Malta,10.69,
https://en.wikipedia.org/wiki/Athletics_at_the_2024_Summer_Olympics_–_Men's_100_metres,Heat 6,6,8,Imranur Rahman,Bangladesh,10.73 (.727),SB
https://en.wikipedia.org/wiki/Athletics_at_the_2024_Summer_Olympics_–_Men's_100_metres,Heat 6,7,6,Waisake Tewa,Fiji,10.73 (.729),SB
https://en.wikipedia.org/wiki/Athletics_at_the_2024_Summer_Olympics_–_Men's_100_metres,Heat 6,8,9,Muhd Noor Firdaus Ar-Rasyid,Brunei,10.86,SB
https://en.wikipedia.org/wiki/Athletics_at_the_2024_Summer_Olympics_–_Men's_100_metres,Heat 1,1,5,Kishane Thompson,Jamaica,10.00,Q
https://en.wikipedia.org/wiki/Athletics_at_the_2024_Summer_Olympics_–_Men's_100_metres,Heat 1,2,6,Benjamin Azamati,Ghana,10.08,Q
https://en.wikipedia.org/wiki/Athletics_at_the_2024_Summer_Olympics_–_Men's_100_metres,Heat 1,3,1,Reynaldo Espinosa,Cuba,10.11,Q
https://en.wikipedia.org/wiki/Athletics_at_the_2024_Summer_Olympics_–_Men's_100_metres,Heat 1,4,2,Felipe Bardi,Brazil,10.18,
https://en.wikipedia.org/wiki/Athletics_at_the_2024_Summer_Olympics_–_Men's_100_metres,Heat 1,5,9,Akihiro Higashida,Japan,10.19,
https://en.wikipedia.org/wiki/Athletics_at_the_2024_Summer_Olympics_–_Men's_100_metres,Heat 1,6,3,Lalu Muhammad Zohri,Indonesia,10.26,
https://en.wikipedia.org/wiki/Athletics_at_the_2024_Summer_Olympics_–_Men's_100_metres,Heat 1,7,8,Kayhan Özer,Turkey,10.34,
https://en.wikipedia.org/wiki/Athletics_at_the_2024_Summer_Olympics_–_Men's_100_metres,Heat 1,8,7,Sibusiso Matsenjwa,Eswatini,10.39,
https://en.wikipedia.org/wiki/Athletics_at_the_2024_Summer_Olympics_–_Men's_100_metres,Heat 1,,4,Jeremiah Azu,Great Britain,DQ,TR 16.8
https://en.wikipedia.org/wiki/Athletics_at_the_2024_Summer_Olympics_–_Men's_100_metres,Heat 2,1,2,Ferdinand Omanyala,Kenya,10.08,Q
https://en.wikipedia.org/wiki/Athletics_at_the_2024_Summer_Olympics_–_Men's_100_metres,Heat 2,2,1,Chituru Ali,Italy,10.12,Q
https://en.wikipedia.org/wiki/Athletics_at_the_2024_Summer_Olympics_–_Men's_100_metres,Heat 2,3,7,Joshua Hartmann,Germany,10.16,Q
https://en.wikipedia.org/wiki/Athletics_at_the_2024_Summer_Olympics_–_Men's_100_metres,Heat 2,4,4,Joshua Azzopardi,Australia,10.20,
https://en.wikipedia.org/wiki/Athletics_at_the_2024_Summer_Olympics_–_Men's_100_metres,Heat 2,5,6,Devin Augustine,Trinidad and Tobago,10.31,
https://en.wikipedia.org/wiki/Athletics_at_the_2024_Summer_Olympics_–_Men's_100_metres,Heat 2,6,9,Erik Cardoso,Brazil,10.35 (.344),
https://en.wikipedia.org/wiki/Athletics_at_the_2024_Summer_Olympics_–_Men's_100_metres,Heat 2,7,3,Arturo Deliser,Panama,10.35 (.347),
https://en.wikipedia.org/wiki/Athletics_at_the_2024_Summer_Olympics_–_Men's_100_metres,Heat 2,8,5,Jhonny Rentería,Colombia,10.38,
https://en.wikipedia.org/wiki/Athletics_at_the_2024_Summer_Olympics_–_Men's_100_metres,Heat 2,9,8,Muhd Azeem Fahmi,Malaysia,10.45,
https://en.wikipedia.org/wiki/Athletics_at_the_2024_Summer_Olympics_–_Men's_100_metres,Heat 3,1,3,Louie Hinchliffe,Great Britain,9.98,Q
https://en.wikipedia.org/wiki/Athletics_at_the_2024_Summer_Olympics_–_Men's_100_metres,Heat 3,2,6,Noah Lyles,United States,10.04,Q
https://en.wikipedia.org/wiki/Athletics_at_the_2024_Summer_Olympics_–_Men's_100_metres,Heat 3,3,4,Shaun Maswanganyi,South Africa,10.06,Q
https://en.wikipedia.org/wiki/Athletics_at_the_2024_Summer_Olympics_–_Men's_100_metres,Heat 3,4,7,Xie Zhenye,China,10.16,
https://en.wikipedia.org/wiki/Athletics_at_the_2024_Summer_Olympics_–_Men's_100_metres,Heat 3,5,5,Owen Ansah,Germany,10.22,
https://en.wikipedia.org/wiki/Athletics_at_the_2024_Summer_Olympics_–_Men's_100_metres,Heat 3,6,8,Ali Anwar Al-Balushi,Oman,10.26,
https://en.wikipedia.org/wiki/Athletics_at_the_2024_Summer_Olympics_–_Men's_100_metres,Heat 3,7,1,Naquille Harris,Saint Kitts and Nevis,10.38,
https://en.wikipedia.org/wiki/Athletics_at_the_2024_Summer_Olympics_–_Men's_100_metres,Heat 3,8,2,Markus Fuchs,Austria,10.59,
https://en.wikipedia.org/wiki/Athletics_at_the_2024_Summer_Olympics_–_Men's_100_metres,Heat 3,9,9,Dylan Sicobo,Seychelles,10.62,
https://en.wikipedia.org/wiki/Athletics_at_the_2024_Summer_Olympics_–_Men's_100_metres,Heat 4,1,6,Oblique Seville,Jamaica,9.99,Q
https://en.wikipedia.org/wiki/Athletics_at_the_2024_Summer_Olympics_–_Men's_100_metres,Heat 4,2,4,Abdul Hakim Sani Brown,Japan,10.02,Q
https://en.wikipedia.org/wiki/Athletics_at_the_2024_Summer_Olympics_–_Men's_100_metres,Heat 4,3,2,Puripol Boonson,Thailand,10.13,Q
https://en.wikipedia.org/wiki/Athletics_at_the_2024_Summer_Olympics_–_Men's_100_metres,Heat 4,4,3,Favour Ashe,Nigeria,10.16,q
https://en.wikipedia.org/wiki/Athletics_at_the_2024_Summer_Olympics_–_Men's_100_metres,Heat 4,5,5,Duan Asemota,Canada,10.17,
https://en.wikipedia.org/wiki/Athletics_at_the_2024_Summer_Olympics_–_Men's_100_metres,Heat 4,6,7,Terrence Jones,Bahamas,10.31,
https://en.wikipedia.org/wiki/Athletics_at_the_2024_Summer_Olympics_–_Men's_100_metres,Heat 4,7,1,Marcos Santos,Angola,10.40,
https://en.wikipedia.org/wiki/Athletics_at_the_2024_Summer_Olympics_–_Men's_100_metres,Heat 4,8,8,Franko Burraj,Albania,10.66,
https://en.wikipedia.org/wiki/Athletics_at_the_2024_Summer_Olympics_–_Men's_100_metres,Heat 4,9,9,Oliwer Wdowik,Poland,11.53,
https://en.wikipedia.org/wiki/Athletics_at_the_2024_Summer_Olympics_–_Men's_100_metres,Heat 5,1,2,Kayinsola Ajayi,Nigeria,10.02,Q
https://en.wikipedia.org/wiki/Athletics_at_the_2024_Summer_Olympics_–_Men's_100_metres,Heat 5,2,4,Marcell Jacobs,Italy,10.05,Q
https://en.wikipedia.org/wiki/Athletics_at_the_2024_Summer_Olympics_–_Men's_100_metres,Heat 5,3,5,Abdul-Rasheed Saminu,Ghana,10.06 (.053),Q
https://en.wikipedia.org/wiki/Athletics_at_the_2024_Summer_Olympics_–_Men's_100_metres,Heat 5,4,6,Benjamin Richardson,South Africa,10.06 (.060),q
https://en.wikipedia.org/wiki/Athletics_at_the_2024_Summer_Olympics_–_Men's_100_metres,Heat 5,5,1,Hassan Taftian,Iran,10.18,SB
https://en.wikipedia.org/wiki/Athletics_at_the_2024_Summer_Olympics_–_Men's_100_metres,Heat 5,6,3,Davonte Howell,Cayman Islands,10.24 (.232),
https://en.wikipedia.org/wiki/Athletics_at_the_2024_Summer_Olympics_–_Men's_100_metres,Heat 5,7,9,Henrik Larsson,Sweden,10.24 (.232),
https://en.wikipedia.org/wiki/Athletics_at_the_2024_Summer_Olympics_–_Men's_100_metres,Heat 5,8,7,Paulo André de Oliveira,Brazil,10.46,
https://en.wikipedia.org/wiki/Athletics_at_the_2024_Summer_Olympics_–_Men's_100_metres,Heat 5,,8,Marc Brian Louis,Singapore,DNS,
https://en.wikipedia.org/wiki/Athletics_at_the_2024_Summer_Olympics_–_Men's_100_metres,Heat 6,1,5,Akani Simbine,South Africa,10.03,Q
https://en.wikipedia.org/wiki/Athletics_at_the_2024_Summer_Olympics_–_Men's_100_metres,Heat 6,2,3,Ackeem Blake,Jamaica,10.06,Q
https://en.wikipedia.org/wiki/Athletics_at_the_2024_Summer_Olympics_–_Men's_100_metres,Heat 6,3,4,Rikkoi Brathwaite,British Virgin Islands,10.13,Q
https://en.wikipedia.org/wiki/Athletics_at_the_2024_Summer_Olympics_–_Men's_100_metres,Heat 6,4,1,Ebrahima Camara,The Gambia,10.21,
https://en.wikipedia.org/wiki/Athletics_at_the_2024_Summer_Olympics_–_Men's_100_metres,Heat 6,5,2,Wanya McCoy,Bahamas,10.24,
https://en.wikipedia.org/wiki/Athletics_at_the_2024_Summer_Olympics_–_Men's_100_metres,Heat 6,6,8,Rohan Browning,Australia,10.29,=SB
https://en.wikipedia.org/wiki/Athletics_at_the_2024_Summer_Olympics_–_Men's_100_metres,Heat 6,7,9,Simon Hansen,Denmark,10.39,
https://en.wikipedia.org/wiki/Athletics_at_the_2024_Summer_Olympics_–_Men's_100_metres,Heat 6,8,6,Emanuel Archibald,Guyana,10.40,
https://en.wikipedia.org/wiki/Athletics_at_the_2024_Summer_Olympics_–_Men's_100_metres,Heat 6,9,7,Hachim Maaroufou,Comoros,10.52,
https://en.wikipedia.org/wiki/Athletics_at_the_2024_Summer_Olympics_–_Men's_100_metres,Heat 7,1,2,Kenny Bednarek,United States,9.97,Q
https://en.wikipedia.org/wiki/Athletics_at_the_2024_Summer_Olympics_–_Men's_100_metres,Heat 7,2,1,Emmanuel Eseme,Cameroon,9.98,"Q,SB"
https://en.wikipedia.org/wiki/Athletics_at_the_2024_Summer_Olympics_–_Men's_100_metres,Heat 7,3,5,Andre De Grasse,Canada,10.07,Q
https://en.wikipedia.org/wiki/Athletics_at_the_2024_Summer_Olympics_–_Men's_100_metres,Heat 7,4,4,Emmanuel Matadi,Liberia,10.08,q
https://en.wikipedia.org/wiki/Athletics_at_the_2024_Summer_Olympics_–_Men's_100_metres,Heat 7,5,6,Ryuichiro Sakai,Japan,10.17,
https://en.wikipedia.org/wiki/Athletics_at_the_2024_Summer_Olympics_–_Men's_100_metres,Heat 7,6,3,Noa Bibi,Mauritius,10.19,
https://en.wikipedia.org/wiki/Athletics_at_the_2024_Summer_Olympics_–_Men's_100_metres,Heat 7,7,7,Ronal Longa,Colombia,10.29,=SB
https://en.wikipedia.org/wiki/Athletics_at_the_2024_Summer_Olympics_–_Men's_100_metres,Heat 7,8,8,José González,Dominican Republic,10.40,
https://en.wikipedia.org/wiki/Athletics_at_the_2024_Summer_Olympics_–_Men's_100_metres,Heat 7,9,9,Taha Hussein Yaseen,Iraq,10.50,PB
https://en.wikipedia.org/wiki/Athletics_at_the_2024_Summer_Olympics_–_Men's_100_metres,Heat 8,1,5,Fred Kerley,United States,9.97,Q
https://en.wikipedia.org/wiki/Athletics_at_the_2024_Summer_Olympics_–_Men's_100_metres,Heat 8,2,2,Letsile Tebogo,Botswana,10.01,Q
https://en.wikipedia.org/wiki/Athletics_at_the_2024_Summer_Olympics_–_Men's_100_metres,Heat 8,3,4,Zharnel Hughes,Great Britain,10.03,Q
https://en.wikipedia.org/wiki/Athletics_at_the_2024_Summer_Olympics_–_Men's_100_metres,Heat 8,4,3,Cejhae Greene,Antigua and Barbuda,10.17,
https://en.wikipedia.org/wiki/Athletics_at_the_2024_Summer_Olympics_–_Men's_100_metres,Heat 8,5,1,Christopher Borzor,Haiti,10.28,
https://en.wikipedia.org/wiki/Athletics_at_the_2024_Summer_Olympics_–_Men's_100_metres,Heat 8,6,6,Arthur Cisse,Ivory Coast,10.31,
https://en.wikipedia.org/wiki/Athletics_at_the_2024_Summer_Olympics_–_Men's_100_metres,Heat 8,8,9,Dorian Keletela,Refugee Olympic Team,10.58,
https://en.wikipedia.org/wiki/Athletics_at_the_2024_Summer_Olympics_–_Men's_100_metres,Heat 8,—,7,Aaron Brown,Canada,DQ,TR 16.8
https://en.wikipedia.org/wiki/Athletics_at_the_2024_Summer_Olympics_–_Men's_100_metres,Heat 1,1,6,Oblique Seville,Jamaica,9.81,"Q,PB"
https://en.wikipedia.org/wiki/Athletics_at_the_2024_Summer_Olympics_–_Men's_100_metres,Heat 1,2,4,Noah Lyles,United States,9.83,Q
https://en.wikipedia.org/wiki/Athletics_at_the_2024_Summer_Olympics_–_Men's_100_metres,Heat 1,3,5,Louie Hinchliffe,Great Britain,9.97,
https://en.wikipedia.org/wiki/Athletics_at_the_2024_Summer_Olympics_–_Men's_100_metres,Heat 1,4,7,Emmanuel Eseme,Cameroon,10.00,
https://en.wikipedia.org/wiki/Athletics_at_the_2024_Summer_Olympics_–_Men's_100_metres,Heat 1,5,9,Shaun Maswanganyi,South Africa,10.02,SB
https://en.wikipedia.org/wiki/Athletics_at_the_2024_Summer_Olympics_–_Men's_100_metres,Heat 1,6,1,Favour Ashe,Nigeria,10.08,
https://en.wikipedia.org/wiki/Athletics_at_the_2024_Summer_Olympics_–_Men's_100_metres,Heat 1,7,8,Chituru Ali,Italy,10.14,
https://en.wikipedia.org/wiki/Athletics_at_the_2024_Summer_Olympics_–_Men's_100_metres,Heat 1,8,2,Rikkoi Brathwaite,British Virgin Islands,10.15,
https://en.wikipedia.org/wiki/Athletics_at_the_2024_Summer_Olympics_–_Men's_100_metres,Heat 1,9,3,Benjamin Azamati,Ghana,10.17,
https://en.wikipedia.org/wiki/Athletics_at_the_2024_Summer_Olympics_–_Men's_100_metres,Heat 2,1,5,Akani Simbine,South Africa,9.87,Q
https://en.wikipedia.org/wiki/Athletics_at_the_2024_Summer_Olympics_–_Men's_100_metres,Heat 2,2,4,Letsile Tebogo,Botswana,9.91,Q
https://en.wikipedia.org/wiki/Athletics_at_the_2024_Summer_Olympics_–_Men's_100_metres,Heat 2,3,8,Marcell Jacobs,Italy,9.92,"q,SB"
https://en.wikipedia.org/wiki/Athletics_at_the_2024_Summer_Olympics_–_Men's_100_metres,Heat 2,4,7,Kenny Bednarek,United States,9.93,q
https://en.wikipedia.org/wiki/Athletics_at_the_2024_Summer_Olympics_–_Men's_100_metres,Heat 2,5,3,Ackeem Blake,Jamaica,10.06,
https://en.wikipedia.org/wiki/Athletics_at_the_2024_Summer_Olympics_–_Men's_100_metres,Heat 2,6,6,Kayinsola Ajayi,Nigeria,10.13,
https://en.wikipedia.org/wiki/Athletics_at_the_2024_Summer_Olympics_–_Men's_100_metres,Heat 2,7,9,Joshua Hartmann,Germany,10.16,
https://en.wikipedia.org/wiki/Athletics_at_the_2024_Summer_Olympics_–_Men's_100_metres,Heat 2,8,2,Emmanuel Matadi,Liberia,10.18,
https://en.wikipedia.org/wiki/Athletics_at_the_2024_Summer_Olympics_–_Men's_100_metres,Heat 2,9,1,Reynaldo Espinosa,Cuba,10.21,
https://en.wikipedia.org/wiki/Athletics_at_the_2024_Summer_Olympics_–_Men's_100_metres,Heat 3,1,4,Kishane Thompson,Jamaica,9.80,Q
https://en.wikipedia.org/wiki/Athletics_at_the_2024_Summer_Olympics_–_Men's_100_metres,Heat 3,2,7,Fred Kerley,United States,9.84,Q
https://en.wikipedia.org/wiki/Athletics_at_the_2024_Summer_Olympics_–_Men's_100_metres,Heat 3,3,9,Benjamin Richardson,South Africa,9.95,
https://en.wikipedia.org/wiki/Athletics_at_the_2024_Summer_Olympics_–_Men's_100_metres,Heat 3,4,5,Abdul Hakim Sani Brown,Japan,9.96,PB
https://en.wikipedia.org/wiki/Athletics_at_the_2024_Summer_Olympics_–_Men's_100_metres,Heat 3,5,2,Andre De Grasse,Canada,9.98,SB
https://en.wikipedia.org/wiki/Athletics_at_the_2024_Summer_Olympics_–_Men's_100_metres,Heat 3,6,3,Zharnel Hughes,Great Britain,10.01,
https://en.wikipedia.org/wiki/Athletics_at_the_2024_Summer_Olympics_–_Men's_100_metres,Heat 3,7,8,Abdul-Rasheed Saminu,Ghana,10.05,
https://en.wikipedia.org/wiki/Athletics_at_the_2024_Summer_Olympics_–_Men's_100_metres,Heat 3,8,6,Ferdinand Omanyala,Kenya,10.08,
https://en.wikipedia.org/wiki/Athletics_at_the_2024_Summer_Olympics_–_Men's_100_metres,Heat 3,9,1,Puripol Boonson,Thailand,10.14,
https://en.wikipedia.org/wiki/Athletics_at_the_2024_Summer_Olympics_–_Men's_100_metres,Final,,7,Noah Lyles,United States,9.79(9.784),PB
https://en.wikipedia.org/wiki/Athletics_at_the_2024_Summer_Olympics_–_Men's_100_metres,Final,,4,Kishane Thompson,Jamaica,9.79(9.789),
https://en.wikipedia.org/wiki/Athletics_at_the_2024_Summer_Olympics_–_Men's_100_metres,Final,,3,Fred Kerley,United States,9.81,SB
https://en.wikipedia.org/wiki/Athletics_at_the_2024_Summer_Olympics_–_Men's_100_metres,Final,4,5,Akani Simbine,South Africa,9.82,NR
https://en.wikipedia.org/wiki/Athletics_at_the_2024_Summer_Olympics_–_Men's_100_metres,Final,5,9,Marcell Jacobs,Italy,9.85,SB
https://en.wikipedia.org/wiki/Athletics_at_the_2024_Summer_Olympics_–_Men's_100_metres,Final,6,8,Letsile Tebogo,Botswana,9.86,NR
https://en.wikipedia.org/wiki/Athletics_at_the_2024_Summer_Olympics_–_Men's_100_metres,Final,7,2,Kenny Bednarek,United States,9.88,
https://en.wikipedia.org/wiki/Athletics_at_the_2024_Summer_Olympics_–_Men's_100_metres,Final,8,6,Oblique Seville,Jamaica,9.91,
https://en.wikipedia.org/wiki/Athletics_at_the_2024_Summer_Olympics_–_Women's_100_metres,Heat 1,1,4,Natacha Ngoye,Republic of the Congo,11.34,Q
https://en.wikipedia.org/wiki/Athletics_at_the_2024_Summer_Olympics_–_Women's_100_metres,Heat 1,2,5,Alessandra Gasparelli,San Marino,11.62,Q
https://en.wikipedia.org/wiki/Athletics_at_the_2024_Summer_Olympics_–_Women's_100_metres,Heat 1,3,8,Xenia Hiebert,Paraguay,11.77,Q
https://en.wikipedia.org/wiki/Athletics_at_the_2024_Summer_Olympics_–_Women's_100_metres,Heat 1,4,3,Valentina Meredova,Turkmenistan,12.01,"q,SB"
https://en.wikipedia.org/wiki/Athletics_at_the_2024_Summer_Olympics_–_Women's_100_metres,Heat 1,5,9,Samira Awali Boubacar,Niger,12.06,PB
https://en.wikipedia.org/wiki/Athletics_at_the_2024_Summer_Olympics_–_Women's_100_metres,Heat 1,6,2,Silina Pha Aphay,Laos,12.45,SB
https://en.wikipedia.org/wiki/Athletics_at_the_2024_Summer_Olympics_–_Women's_100_metres,Heat 1,7,6,Sydney Francisco,Palau,13.15,
https://en.wikipedia.org/wiki/Athletics_at_the_2024_Summer_Olympics_–_Women's_100_metres,Heat 1,8,7,Salam Bouha Ahamdy,Mauritania,13.71,PB
https://en.wikipedia.org/wiki/Athletics_at_the_2024_Summer_Olympics_–_Women's_100_metres,Heat 1,,1,Lucia Morris,South Sudan,DNF,
https://en.wikipedia.org/wiki/Athletics_at_the_2024_Summer_Olympics_–_Women's_100_metres,Heat 2,1,7,Trần Thị Nhi Yến,Vietnam,11.81,Q
https://en.wikipedia.org/wiki/Athletics_at_the_2024_Summer_Olympics_–_Women's_100_metres,Heat 2,2,6,Halle Hazzard,Grenada,11.88,Q
https://en.wikipedia.org/wiki/Athletics_at_the_2024_Summer_Olympics_–_Women's_100_metres,Heat 2,3,4,Zhang Bo-ya,Chinese Taipei,11.99,Q
https://en.wikipedia.org/wiki/Athletics_at_the_2024_Summer_Olympics_–_Women's_100_metres,Heat 2,4,5,Regine Tugade-Watson,Guam,12.02,q
https://en.wikipedia.org/wiki/Athletics_at_the_2024_Summer_Olympics_–_Women's_100_metres,Heat 2,5,2,Lika Kharchilava,Georgia,12.37,
https://en.wikipedia.org/wiki/Athletics_at_the_2024_Summer_Olympics_–_Women's_100_metres,Heat 2,6,9,Faiqa Riaz,Pakistan,12.49,PB
https://en.wikipedia.org/wiki/Athletics_at_the_2024_Summer_Olympics_–_Women's_100_metres,Heat 2,7,8,Mazoon Al-Alawi,Oman,12.58,SB
https://en.wikipedia.org/wiki/Athletics_at_the_2024_Summer_Olympics_–_Women's_100_metres,Heat 2,8,3,Filomenaleonisa Iakopo,American Samoa,12.78,NR
https://en.wikipedia.org/wiki/Athletics_at_the_2024_Summer_Olympics_–_Women's_100_metres,Heat 2,9,1,Mariam Kareem,United Arab Emirates,13.26,PB
https://en.wikipedia.org/wiki/Athletics_at_the_2024_Summer_Olympics_–_Women's_100_metres,Heat 3,1,9,Gorete Semedo,São Tomé and Príncipe,11.44,Q
https://en.wikipedia.org/wiki/Athletics_at_the_2024_Summer_Olympics_–_Women's_100_metres,Heat 3,2,6,Guadalupe Torrez,Bolivia,11.60,Q
https://en.wikipedia.org/wiki/Athletics_at_the_2024_Summer_Olympics_–_Women's_100_metres,Heat 3,3,2,Leonie Beu,Papua New Guinea,11.63,"Q,PB"
https://en.wikipedia.org/wiki/Athletics_at_the_2024_Summer_Olympics_–_Women's_100_metres,Heat 3,4,1,María Carmona,Nicaragua,11.88,"q,NR"
https://en.wikipedia.org/wiki/Athletics_at_the_2024_Summer_Olympics_–_Women's_100_metres,Heat 3,5,7,Safiatou Acquaviva,Guinea,11.97,"q,NR"
https://en.wikipedia.org/wiki/Athletics_at_the_2024_Summer_Olympics_–_Women's_100_metres,Heat 3,6,5,Chloe David,Vanuatu,12.44,PB
https://en.wikipedia.org/wiki/Athletics_at_the_2024_Summer_Olympics_–_Women's_100_metres,Heat 3,7,3,Shahd Ashraf,Qatar,12.53,PB
https://en.wikipedia.org/wiki/Athletics_at_the_2024_Summer_Olympics_–_Women's_100_metres,Heat 3,8,4,Alisar Youssef,Syria,12.93,PB
https://en.wikipedia.org/wiki/Athletics_at_the_2024_Summer_Olympics_–_Women's_100_metres,Heat 3,9,8,Kimia Yousofi,Afghanistan,13.42,
https://en.wikipedia.org/wiki/Athletics_at_the_2024_Summer_Olympics_–_Women's_100_metres,Heat 4,1,9,Zahria Allers-Liburd,Saint Kitts and Nevis,11.73,Q
https://en.wikipedia.org/wiki/Athletics_at_the_2024_Summer_Olympics_–_Women's_100_metres,Heat 4,2,8,Asimenye Simwaka,Malawi,11.78,Q
https://en.wikipedia.org/wiki/Athletics_at_the_2024_Summer_Olympics_–_Women's_100_metres,Heat 4,3,6,Mariandrée Chacón,Guatemala,11.90,Q
https://en.wikipedia.org/wiki/Athletics_at_the_2024_Summer_Olympics_–_Women's_100_metres,Heat 4,4,1,Georgiana Sesay,Sierra Leone,11.99,q
https://en.wikipedia.org/wiki/Athletics_at_the_2024_Summer_Olympics_–_Women's_100_metres,Heat 4,5,5,Naomi Akakpo,Togo,12.34,PB
https://en.wikipedia.org/wiki/Athletics_at_the_2024_Summer_Olympics_–_Women's_100_metres,Heat 4,6,7,Marie-Charlotte Gastaud,Monaco,12.41,PB
https://en.wikipedia.org/wiki/Athletics_at_the_2024_Summer_Olympics_–_Women's_100_metres,Heat 4,7,2,Sefora Ada Eto,Equatorial Guinea,13.63,PB
https://en.wikipedia.org/wiki/Athletics_at_the_2024_Summer_Olympics_–_Women's_100_metres,Heat 4,8,4,Temalini Manatoa,Tuvalu,14.04,PB
https://en.wikipedia.org/wiki/Athletics_at_the_2024_Summer_Olympics_–_Women's_100_metres,Heat 4,9,3,Sharon Firisua,Solomon Islands,14.31,PB
https://en.wikipedia.org/wiki/Athletics_at_the_2024_Summer_Olympics_–_Women's_100_metres,Heat 1,1,6,Sha'Carri Richardson,United States,10.94,Q
https://en.wikipedia.org/wiki/Athletics_at_the_2024_Summer_Olympics_–_Women's_100_metres,Heat 1,2,8,Patrizia Van Der Weken,Luxembourg,11.14,Q
https://en.wikipedia.org/wiki/Athletics_at_the_2024_Summer_Olympics_–_Women's_100_metres,Heat 1,3,7,Bree Masters,Australia,11.26,"Q,SB"
https://en.wikipedia.org/wiki/Athletics_at_the_2024_Summer_Olympics_–_Women's_100_metres,Heat 1,4,5,Jacqueline Madogo,Canada,11.27,
https://en.wikipedia.org/wiki/Athletics_at_the_2024_Summer_Olympics_–_Women's_100_metres,Heat 1,5,3,Lorène Dorcas Bazolo,Portugal,11.38,
https://en.wikipedia.org/wiki/Athletics_at_the_2024_Summer_Olympics_–_Women's_100_metres,Heat 1,6,9,Tristan Evelyn,Barbados,11.55,
https://en.wikipedia.org/wiki/Athletics_at_the_2024_Summer_Olympics_–_Women's_100_metres,Heat 1,7,4,Trần Thị Nhi Yến,Vietnam,11.79,
https://en.wikipedia.org/wiki/Athletics_at_the_2024_Summer_Olympics_–_Women's_100_metres,Heat 1,8,1,Asimenye Simwaka,Malawi,11.91,
https://en.wikipedia.org/wiki/Athletics_at_the_2024_Summer_Olympics_–_Women's_100_metres,Heat 1,9,2,Thelma Davies,Liberia,12.05,
https://en.wikipedia.org/wiki/Athletics_at_the_2024_Summer_Olympics_–_Women's_100_metres,Heat 2,1,9,Julien Alfred,Saint Lucia,10.95,Q
https://en.wikipedia.org/wiki/Athletics_at_the_2024_Summer_Olympics_–_Women's_100_metres,Heat 2,2,6,Zoe Hobbs,New Zealand,11.08,"Q,SB"
https://en.wikipedia.org/wiki/Athletics_at_the_2024_Summer_Olympics_–_Women's_100_metres,Heat 2,3,2,Zaynab Dosso,Italy,11.30,Q
https://en.wikipedia.org/wiki/Athletics_at_the_2024_Summer_Olympics_–_Women's_100_metres,Heat 2,4,4,Michelle-Lee Ahye,Trinidad and Tobago,11.33,
https://en.wikipedia.org/wiki/Athletics_at_the_2024_Summer_Olympics_–_Women's_100_metres,Heat 2,5,8,Yunisleidy García,Cuba,11.37,
https://en.wikipedia.org/wiki/Athletics_at_the_2024_Summer_Olympics_–_Women's_100_metres,Heat 2,6,1,Gorete Semedo,São Tomé and Príncipe,11.43,
https://en.wikipedia.org/wiki/Athletics_at_the_2024_Summer_Olympics_–_Women's_100_metres,Heat 2,7,5,Olivia Fotopoulou,Cyprus,11.50,
https://en.wikipedia.org/wiki/Athletics_at_the_2024_Summer_Olympics_–_Women's_100_metres,Heat 2,8,7,Destiny Smith-Barnett,Liberia,11.99,
https://en.wikipedia.org/wiki/Athletics_at_the_2024_Summer_Olympics_–_Women's_100_metres,Heat 2,9,3,Georgiana Sesay,Sierra Leone,12.15,
https://en.wikipedia.org/wiki/Athletics_at_the_2024_Summer_Olympics_–_Women's_100_metres,Heat 3,1,3,Daryll Neita,Great Britain,10.92,"Q,SB"
https://en.wikipedia.org/wiki/Athletics_at_the_2024_Summer_Olympics_–_Women's_100_metres,Heat 3,2,9,Melissa Jefferson,United States,10.96,Q
https://en.wikipedia.org/wiki/Athletics_at_the_2024_Summer_Olympics_–_Women's_100_metres,Heat 3,3,4,Boglárka Takács,Hungary,11.10,"Q,NR"
https://en.wikipedia.org/wiki/Athletics_at_the_2024_Summer_Olympics_–_Women's_100_metres,Heat 3,4,5,Karolína Maňasová,Czech Republic,11.11,"q,PB"
https://en.wikipedia.org/wiki/Athletics_at_the_2024_Summer_Olympics_–_Women's_100_metres,Heat 3,5,1,Gémima Joseph,France,11.13,
https://en.wikipedia.org/wiki/Athletics_at_the_2024_Summer_Olympics_–_Women's_100_metres,Heat 3,6,6,Ella Connolly,Australia,11.29,
https://en.wikipedia.org/wiki/Athletics_at_the_2024_Summer_Olympics_–_Women's_100_metres,Heat 3,7,8,Magdalena Stefanowicz,Poland,11.47,
https://en.wikipedia.org/wiki/Athletics_at_the_2024_Summer_Olympics_–_Women's_100_metres,Heat 3,8,2,Guadalupe Torrez,Bolivia,11.68,
https://en.wikipedia.org/wiki/Athletics_at_the_2024_Summer_Olympics_–_Women's_100_metres,Heat 3,9,7,Zhang Bo-ya,Chinese Taipei,11.88,SB
https://en.wikipedia.org/wiki/Athletics_at_the_2024_Summer_Olympics_–_Women's_100_metres,Heat 4,1,4,Audrey Leduc,Canada,10.95,"Q,NR"
https://en.wikipedia.org/wiki/Athletics_at_the_2024_Summer_Olympics_–_Women's_100_metres,Heat 4,2,8,Tia Clayton,Jamaica,11.00,Q
https://en.wikipedia.org/wiki/Athletics_at_the_2024_Summer_Olympics_–_Women's_100_metres,Heat 4,3,1,Imani Lansiquot,Great Britain,11.10,Q
https://en.wikipedia.org/wiki/Athletics_at_the_2024_Summer_Olympics_–_Women's_100_metres,Heat 4,4,6,Maboundou Koné,Ivory Coast,11.17,=PB
https://en.wikipedia.org/wiki/Athletics_at_the_2024_Summer_Olympics_–_Women's_100_metres,Heat 4,5,5,Julia Henriksson,Sweden,11.26,
https://en.wikipedia.org/wiki/Athletics_at_the_2024_Summer_Olympics_–_Women's_100_metres,Heat 4,6,9,Ge Manqi,China,11.45,
https://en.wikipedia.org/wiki/Athletics_at_the_2024_Summer_Olympics_–_Women's_100_metres,Heat 4,7,2,Alessandra Gasparelli,San Marino,11.54,NR
https://en.wikipedia.org/wiki/Athletics_at_the_2024_Summer_Olympics_–_Women's_100_metres,Heat 4,8,3,Vitória Cristina Rosa,Brazil,12.02,
https://en.wikipedia.org/wiki/Athletics_at_the_2024_Summer_Olympics_–_Women's_100_metres,Heat 4,9,7,Safiatou Acquaviva,Guinea,12.07,
https://en.wikipedia.org/wiki/Athletics_at_the_2024_Summer_Olympics_–_Women's_100_metres,Heat 5,1,3,Ewa Swoboda,Poland,10.99,"Q,SB"
https://en.wikipedia.org/wiki/Athletics_at_the_2024_Summer_Olympics_–_Women's_100_metres,Heat 5,2,2,Dina Asher-Smith,Great Britain,11.01,Q
https://en.wikipedia.org/wiki/Athletics_at_the_2024_Summer_Olympics_–_Women's_100_metres,Heat 5,3,5,Rosemary Chukwuma,Nigeria,11.26,Q
https://en.wikipedia.org/wiki/Athletics_at_the_2024_Summer_Olympics_–_Women's_100_metres,Heat 5,4,6,Ana Carolina Azevedo,Brazil,11.32,
https://en.wikipedia.org/wiki/Athletics_at_the_2024_Summer_Olympics_–_Women's_100_metres,Heat 5,5,7,Géraldine Frey,Switzerland,11.34,
https://en.wikipedia.org/wiki/Athletics_at_the_2024_Summer_Olympics_–_Women's_100_metres,Heat 5,6,4,Ángela Tenorio,Ecuador,11.35,
https://en.wikipedia.org/wiki/Athletics_at_the_2024_Summer_Olympics_–_Women's_100_metres,Heat 5,7,8,Farzaneh Fasihi,Iran,11.51,
https://en.wikipedia.org/wiki/Athletics_at_the_2024_Summer_Olympics_–_Women's_100_metres,Heat 5,8,1,Leonie Beu,Papua New Guinea,11.73,
https://en.wikipedia.org/wiki/Athletics_at_the_2024_Summer_Olympics_–_Women's_100_metres,Heat 5,9,9,Mariandrée Chacón,Guatemala,12.06,
https://en.wikipedia.org/wiki/Athletics_at_the_2024_Summer_Olympics_–_Women's_100_metres,Heat 6,1,5,Twanisha Terry,United States,11.15,Q
https://en.wikipedia.org/wiki/Athletics_at_the_2024_Summer_Olympics_–_Women's_100_metres,Heat 6,2,3,Shashalee Forbes,Jamaica,11.19,Q
https://en.wikipedia.org/wiki/Athletics_at_the_2024_Summer_Olympics_–_Women's_100_metres,Heat 6,3,4,Leah Bertrand,Trinidad and Tobago,11.27,Q
https://en.wikipedia.org/wiki/Athletics_at_the_2024_Summer_Olympics_–_Women's_100_metres,Heat 6,4,1,Salomé Kora,Switzerland,11.35,
https://en.wikipedia.org/wiki/Athletics_at_the_2024_Summer_Olympics_–_Women's_100_metres,Heat 6,5,6,Cecilia Tamayo-Garza,Mexico,11.39,
https://en.wikipedia.org/wiki/Athletics_at_the_2024_Summer_Olympics_–_Women's_100_metres,Heat 6,6,8,Viktória Forster,Slovakia,11.44,SB
https://en.wikipedia.org/wiki/Athletics_at_the_2024_Summer_Olympics_–_Women's_100_metres,Heat 6,7,7,Lotta Kemppinen,Finland,11.56,
https://en.wikipedia.org/wiki/Athletics_at_the_2024_Summer_Olympics_–_Women's_100_metres,Heat 6,8,2,Zahria Allers-Liburd,Saint Kitts and Nevis,11.89,
https://en.wikipedia.org/wiki/Athletics_at_the_2024_Summer_Olympics_–_Women's_100_metres,Heat 6,9,9,María Carmona,Nicaragua,12.00,
https://en.wikipedia.org/wiki/Athletics_at_the_2024_Summer_Olympics_–_Women's_100_metres,Heat 7,1,1,Gina Bass-Bittaye,The Gambia,11.01,Q
https://en.wikipedia.org/wiki/Athletics_at_the_2024_Summer_Olympics_–_Women's_100_metres,Heat 7,2,4,Mujinga Kambundji,Switzerland,11.05,Q
https://en.wikipedia.org/wiki/Athletics_at_the_2024_Summer_Olympics_–_Women's_100_metres,Heat 7,3,6,Delphine Nkansa,Belgium,11.20,"Q, =PB"
https://en.wikipedia.org/wiki/Athletics_at_the_2024_Summer_Olympics_–_Women's_100_metres,Heat 7,4,5,Polyniki Emmanouilidou,Greece,11.25,
https://en.wikipedia.org/wiki/Athletics_at_the_2024_Summer_Olympics_–_Women's_100_metres,Heat 7,5,7,Rebekka Haase,Germany,11.28,
https://en.wikipedia.org/wiki/Athletics_at_the_2024_Summer_Olympics_–_Women's_100_metres,Heat 7,6,3,Tima Seikeseye Godbless,Nigeria,11.33,
https://en.wikipedia.org/wiki/Athletics_at_the_2024_Summer_Olympics_–_Women's_100_metres,Heat 7,7,8,Veronica Shanti Pereira,Singapore,11.63,
https://en.wikipedia.org/wiki/Athletics_at_the_2024_Summer_Olympics_–_Women's_100_metres,Heat 7,8,2,Halle Hazzard,Grenada,11.70,
https://en.wikipedia.org/wiki/Athletics_at_the_2024_Summer_Olympics_–_Women's_100_metres,Heat 7,9,9,Xenia Hiebert,Paraguay,11.82,
https://en.wikipedia.org/wiki/Athletics_at_the_2024_Summer_Olympics_–_Women's_100_metres,Heat 8,1,2,Marie-Josée Ta Lou-Smith,Ivory Coast,10.87,"Q,SB"
https://en.wikipedia.org/wiki/Athletics_at_the_2024_Summer_Olympics_–_Women's_100_metres,Heat 8,2,7,Shelly-Ann Fraser-Pryce,Jamaica,10.92,Q
https://en.wikipedia.org/wiki/Athletics_at_the_2024_Summer_Olympics_–_Women's_100_metres,Heat 8,3,4,Gina Lückenkemper,Germany,11.08,Q
https://en.wikipedia.org/wiki/Athletics_at_the_2024_Summer_Olympics_–_Women's_100_metres,Heat 8,4,6,Rani Rosius,Belgium,11.10,"q,PB"
https://en.wikipedia.org/wiki/Athletics_at_the_2024_Summer_Olympics_–_Women's_100_metres,Heat 8,5,8,Gladymar Torres,Puerto Rico,11.12,"q,NR"
https://en.wikipedia.org/wiki/Athletics_at_the_2024_Summer_Olympics_–_Women's_100_metres,Heat 8,6,3,Natacha Ngoye,Republic of the Congo,11.36,
https://en.wikipedia.org/wiki/Athletics_at_the_2024_Summer_Olympics_–_Women's_100_metres,Heat 8,7,5,Joella Lloyd,Antigua and Barbuda,11.37,
https://en.wikipedia.org/wiki/Athletics_at_the_2024_Summer_Olympics_–_Women's_100_metres,Heat 8,8,1,Regine Tugade-Watson,Guam,11.87,
https://en.wikipedia.org/wiki/Athletics_at_the_2024_Summer_Olympics_–_Women's_100_metres,Heat 8,9,9,Valentina Meredova,Turkmenistan,11.95,SB
https://en.wikipedia.org/wiki/Athletics_at_the_2024_Summer_Olympics_–_Women's_100_metres,Heat 1,1,4,Melissa Jefferson,United States,10.99,Q
https://en.wikipedia.org/wiki/Athletics_at_the_2024_Summer_Olympics_–_Women's_100_metres,Heat 1,2,7,Marie Josée Ta Lou-Smith,Ivory Coast,11.01,Q
https://en.wikipedia.org/wiki/Athletics_at_the_2024_Summer_Olympics_–_Women's_100_metres,Heat 1,3,8,Mujinga Kambundji,Switzerland,11.05,q
https://en.wikipedia.org/wiki/Athletics_at_the_2024_Summer_Olympics_–_Women's_100_metres,Heat 1,4,6,Ewa Swoboda,Poland,11.08,
https://en.wikipedia.org/wiki/Athletics_at_the_2024_Summer_Olympics_–_Women's_100_metres,Heat 1,5,5,Dina Asher-Smith,Great Britain,11.10,
https://en.wikipedia.org/wiki/Athletics_at_the_2024_Summer_Olympics_–_Women's_100_metres,Heat 1,6,3,Shashalee Forbes,Jamaica,11.20,
https://en.wikipedia.org/wiki/Athletics_at_the_2024_Summer_Olympics_–_Women's_100_metres,Heat 1,7,9,Boglárka Takács,Hungary,11.26,
https://en.wikipedia.org/wiki/Athletics_at_the_2024_Summer_Olympics_–_Women's_100_metres,Heat 1,8,2,Rani Rosius,Belgium,11.29,
https://en.wikipedia.org/wiki/Athletics_at_the_2024_Summer_Olympics_–_Women's_100_metres,Heat 1,9,1,Zaynab Dosso,Italy,11.34,
https://en.wikipedia.org/wiki/Athletics_at_the_2024_Summer_Olympics_–_Women's_100_metres,Heat 2,1,6,Julien Alfred,Saint Lucia,10.84,Q
https://en.wikipedia.org/wiki/Athletics_at_the_2024_Summer_Olympics_–_Women's_100_metres,Heat 2,2,7,Sha'Carri Richardson,United States,10.89,Q
https://en.wikipedia.org/wiki/Athletics_at_the_2024_Summer_Olympics_–_Women's_100_metres,Heat 2,3,4,Gina Mariam Bass Bittaye,The Gambia,11.10,
https://en.wikipedia.org/wiki/Athletics_at_the_2024_Summer_Olympics_–_Women's_100_metres,Heat 2,4,8,Patrizia van der Weken,Luxembourg,11.13,
https://en.wikipedia.org/wiki/Athletics_at_the_2024_Summer_Olympics_–_Women's_100_metres,Heat 2,5,3,Imani-Lara Lansiquot,Great Britain,11.21,
https://en.wikipedia.org/wiki/Athletics_at_the_2024_Summer_Olympics_–_Women's_100_metres,Heat 2,6,9,Gladymar Torres,Puerto Rico,11.33,
https://en.wikipedia.org/wiki/Athletics_at_the_2024_Summer_Olympics_–_Women's_100_metres,Heat 2,7,2,Bree Masters,Australia,11.34,
https://en.wikipedia.org/wiki/Athletics_at_the_2024_Summer_Olympics_–_Women's_100_metres,Heat 2,8,1,Rosemary Chukwuma,Nigeria,11.39,
https://en.wikipedia.org/wiki/Athletics_at_the_2024_Summer_Olympics_–_Women's_100_metres,Heat 2,,5,Shelly-Ann Fraser-Pryce,Jamaica,DNS,
https://en.wikipedia.org/wiki/Athletics_at_the_2024_Summer_Olympics_–_Women's_100_metres,Heat 3,1,6,Tia Clayton,Jamaica,10.89,Q
https://en.wikipedia.org/wiki/Athletics_at_the_2024_Summer_Olympics_–_Women's_100_metres,Heat 3,2,4,Daryll Neita,Great Britain,10.97,Q
https://en.wikipedia.org/wiki/Athletics_at_the_2024_Summer_Olympics_–_Women's_100_metres,Heat 3,3,7,Twanisha Terry,United States,11.07,q
https://en.wikipedia.org/wiki/Athletics_at_the_2024_Summer_Olympics_–_Women's_100_metres,Heat 3,4,8,Gina Lückenkemper,Germany,11.09,
https://en.wikipedia.org/wiki/Athletics_at_the_2024_Summer_Olympics_–_Women's_100_metres,Heat 3,5,5,Audrey Leduc,Canada,11.10,
https://en.wikipedia.org/wiki/Athletics_at_the_2024_Summer_Olympics_–_Women's_100_metres,Heat 3,6,3,Zoe Hobbs,New Zealand,11.13,
https://en.wikipedia.org/wiki/Athletics_at_the_2024_Summer_Olympics_–_Women's_100_metres,Heat 3,7,9,Delphine Nkansa,Belgium,11.28,
https://en.wikipedia.org/wiki/Athletics_at_the_2024_Summer_Olympics_–_Women's_100_metres,Heat 3,8,2,Karolína Maňasová,Czech Republic,11.35,
https://en.wikipedia.org/wiki/Athletics_at_the_2024_Summer_Olympics_–_Women's_100_metres,Heat 3,9,1,Leah Bertrand,Trinidad and Tobago,11.37,
https://en.wikipedia.org/wiki/Athletics_at_the_2024_Summer_Olympics_–_Women's_100_metres,Final,,6,Julien Alfred,Saint Lucia,10.72,NR
https://en.wikipedia.org/wiki/Athletics_at_the_2024_Summer_Olympics_–_Women's_100_metres,Final,,7,Sha'Carri Richardson,United States,10.87,
https://en.wikipedia.org/wiki/Athletics_at_the_2024_Summer_Olympics_–_Women's_100_metres,Final,,5,Melissa Jefferson,United States,10.92,
https://en.wikipedia.org/wiki/Athletics_at_the_2024_Summer_Olympics_–_Women's_100_metres,Final,4,8,Daryll Neita,Great Britain,10.96,
https://en.wikipedia.org/wiki/Athletics_at_the_2024_Summer_Olympics_–_Women's_100_metres,Final,5,9,Twanisha Terry,United States,10.97,
https://en.wikipedia.org/wiki/Athletics_at_the_2024_Summer_Olympics_–_Women's_100_metres,Final,6,2,Mujinga Kambundji,Switzerland,10.99,
https://en.wikipedia.org/wiki/Athletics_at_the_2024_Summer_Olympics_–_Women's_100_metres,Final,7,4,Tia Clayton,Jamaica,11.04,
https://en.wikipedia.org/wiki/Athletics_at_the_2024_Summer_Olympics_–_Women's_100_metres,Final,8,3,Marie Josée Ta Lou-Smith,Ivory Coast,13.84,
https://en.wikipedia.org/wiki/Athletics_at_the_2024_Summer_Olympics_–_Men's_200_metres,Heat 1,1,4,Joseph Fahnbulleh,Liberia,20.20,Q
https://en.wikipedia.org/wiki/Athletics_at_the_2024_Summer_Olympics_–_Men's_200_metres,Heat 1,2,9,Eseosa Desalu,Italy,20.26,Q
https://en.wikipedia.org/wiki/Athletics_at_the_2024_Summer_Olympics_–_Men's_200_metres,Heat 1,3,3,Wayde van Niekerk,South Africa,20.42,Q
https://en.wikipedia.org/wiki/Athletics_at_the_2024_Summer_Olympics_–_Men's_200_metres,Heat 1,4,7,Ryan Zeze,France,20.49,
https://en.wikipedia.org/wiki/Athletics_at_the_2024_Summer_Olympics_–_Men's_200_metres,Heat 1,5,8,Felix Svensson,Switzerland,20.54 (.534),
https://en.wikipedia.org/wiki/Athletics_at_the_2024_Summer_Olympics_–_Men's_200_metres,Heat 1,6,2,Cheickna Traore,Ivory Coast,20.54 (.536),
https://en.wikipedia.org/wiki/Athletics_at_the_2024_Summer_Olympics_–_Men's_200_metres,Heat 1,7,5,Calab Law,Australia,20.75,
https://en.wikipedia.org/wiki/Athletics_at_the_2024_Summer_Olympics_–_Men's_200_metres,Heat 1,8,6,Albert Komański,Poland,20.77,
https://en.wikipedia.org/wiki/Athletics_at_the_2024_Summer_Olympics_–_Men's_200_metres,Heat 2,1,3,Tarsis Orogot,Uganda,20.32,Q
https://en.wikipedia.org/wiki/Athletics_at_the_2024_Summer_Olympics_–_Men's_200_metres,Heat 2,2,9,Wanya McCoy,Bahamas,20.35,Q
https://en.wikipedia.org/wiki/Athletics_at_the_2024_Summer_Olympics_–_Men's_200_metres,Heat 2,3,6,Renan Gallina,Brazil,20.41,Q
https://en.wikipedia.org/wiki/Athletics_at_the_2024_Summer_Olympics_–_Men's_200_metres,Heat 2,4,7,Andrew Hudson,Jamaica,20.53,
https://en.wikipedia.org/wiki/Athletics_at_the_2024_Summer_Olympics_–_Men's_200_metres,Heat 2,5,2,Udodi Onwuzurike,Nigeria,20.55,
https://en.wikipedia.org/wiki/Athletics_at_the_2024_Summer_Olympics_–_Men's_200_metres,Heat 2,6,8,César Almirón,Paraguay,20.87,
https://en.wikipedia.org/wiki/Athletics_at_the_2024_Summer_Olympics_–_Men's_200_metres,Heat 2,7,4,Tomáš Němejc,Czech Republic,21.03,
https://en.wikipedia.org/wiki/Athletics_at_the_2024_Summer_Olympics_–_Men's_200_metres,Heat 2,—,5,José González,Dominican Republic,DNS,
https://en.wikipedia.org/wiki/Athletics_at_the_2024_Summer_Olympics_–_Men's_200_metres,Heat 3,1,3,Letsile Tebogo,Botswana,20.10,Q
https://en.wikipedia.org/wiki/Athletics_at_the_2024_Summer_Olympics_–_Men's_200_metres,Heat 3,2,4,Makanakaishe Charamba,Zimbabwe,20.27,Q
https://en.wikipedia.org/wiki/Athletics_at_the_2024_Summer_Olympics_–_Men's_200_metres,Heat 3,3,8,Filippo Tortu,Italy,20.29,Q
https://en.wikipedia.org/wiki/Athletics_at_the_2024_Summer_Olympics_–_Men's_200_metres,Heat 3,4,2,Brendon Rodney,Canada,20.30,SB
https://en.wikipedia.org/wiki/Athletics_at_the_2024_Summer_Olympics_–_Men's_200_metres,Heat 3,5,5,Timothé Mumenthaler,Switzerland,20.63,
https://en.wikipedia.org/wiki/Athletics_at_the_2024_Summer_Olympics_–_Men's_200_metres,Heat 3,6,7,Koki Ueyama,Japan,20.84,
https://en.wikipedia.org/wiki/Athletics_at_the_2024_Summer_Olympics_–_Men's_200_metres,Heat 3,7,6,Benjamin Richardson,South Africa,51.86,injury[14]
https://en.wikipedia.org/wiki/Athletics_at_the_2024_Summer_Olympics_–_Men's_200_metres,Heat 4,1,3,Kenneth Bednarek,United States,19.96,Q
https://en.wikipedia.org/wiki/Athletics_at_the_2024_Summer_Olympics_–_Men's_200_metres,Heat 4,2,5,Alexander Ogando,Dominican Republic,20.04,Q
https://en.wikipedia.org/wiki/Athletics_at_the_2024_Summer_Olympics_–_Men's_200_metres,Heat 4,3,2,Joshua Hartmann,Germany,20.30,Q
https://en.wikipedia.org/wiki/Athletics_at_the_2024_Summer_Olympics_–_Men's_200_metres,Heat 4,4,7,Diego Pettorossi,Italy,20.63,
https://en.wikipedia.org/wiki/Athletics_at_the_2024_Summer_Olympics_–_Men's_200_metres,Heat 4,5,4,Shota Iizuka,Japan,20.67,
https://en.wikipedia.org/wiki/Athletics_at_the_2024_Summer_Olympics_–_Men's_200_metres,Heat 4,6,6,Ondřej Macík,Czech Republic,21.04,
https://en.wikipedia.org/wiki/Athletics_at_the_2024_Summer_Olympics_–_Men's_200_metres,Heat 4,—,8,Zharnel Hughes,Great Britain,DNS,
https://en.wikipedia.org/wiki/Athletics_at_the_2024_Summer_Olympics_–_Men's_200_metres,Heat 5,1,4,Erriyon Knighton,United States,19.99,Q
https://en.wikipedia.org/wiki/Athletics_at_the_2024_Summer_Olympics_–_Men's_200_metres,Heat 5,2,3,Tapiwanashe Makarawu,Zimbabwe,20.07,Q
https://en.wikipedia.org/wiki/Athletics_at_the_2024_Summer_Olympics_–_Men's_200_metres,Heat 5,3,7,Shaun Maswanganyi,South Africa,20.20,Q
https://en.wikipedia.org/wiki/Athletics_at_the_2024_Summer_Olympics_–_Men's_200_metres,Heat 5,4,2,Aaron Brown,Canada,20.36,
https://en.wikipedia.org/wiki/Athletics_at_the_2024_Summer_Olympics_–_Men's_200_metres,Heat 5,5,9,Ian Kerr,Bahamas,20.53,
https://en.wikipedia.org/wiki/Athletics_at_the_2024_Summer_Olympics_–_Men's_200_metres,Heat 5,6,6,Pablo Mateo,France,20.58,
https://en.wikipedia.org/wiki/Athletics_at_the_2024_Summer_Olympics_–_Men's_200_metres,Heat 5,7,8,Erik Erlandsson,Sweden,20.65,
https://en.wikipedia.org/wiki/Athletics_at_the_2024_Summer_Olympics_–_Men's_200_metres,Heat 5,8,5,Eduard Kubelík,Czech Republic,21.14,
https://en.wikipedia.org/wiki/Athletics_at_the_2024_Summer_Olympics_–_Men's_200_metres,Heat 6,1,6,Noah Lyles,United States,20.19,Q
https://en.wikipedia.org/wiki/Athletics_at_the_2024_Summer_Olympics_–_Men's_200_metres,Heat 6,2,7,Andre De Grasse,Canada,20.30,Q
https://en.wikipedia.org/wiki/Athletics_at_the_2024_Summer_Olympics_–_Men's_200_metres,Heat 6,3,4,Towa Uzawa,Japan,20.33,Q
https://en.wikipedia.org/wiki/Athletics_at_the_2024_Summer_Olympics_–_Men's_200_metres,Heat 6,4,5,Bryan Levell,Jamaica,20.47,
https://en.wikipedia.org/wiki/Athletics_at_the_2024_Summer_Olympics_–_Men's_200_metres,Heat 6,5,2,Blessing Afrifah,Israel,20.78,
https://en.wikipedia.org/wiki/Athletics_at_the_2024_Summer_Olympics_–_Men's_200_metres,Heat 6,6,8,Chun-Han Yang,Chinese Taipei,20.83,
https://en.wikipedia.org/wiki/Athletics_at_the_2024_Summer_Olympics_–_Men's_200_metres,Heat 6,7,3,William Reais,Switzerland,20.92,
https://en.wikipedia.org/wiki/Athletics_at_the_2024_Summer_Olympics_–_Men's_200_metres,Heat 1,1,6,Udodi Onwuzurike,Nigeria,20.51,Q
https://en.wikipedia.org/wiki/Athletics_at_the_2024_Summer_Olympics_–_Men's_200_metres,Heat 1,2,8,Diego Pettorossi,Italy,20.53,
https://en.wikipedia.org/wiki/Athletics_at_the_2024_Summer_Olympics_–_Men's_200_metres,Heat 1,3,5,Timothé Mumenthaler,Switzerland,20.67,
https://en.wikipedia.org/wiki/Athletics_at_the_2024_Summer_Olympics_–_Men's_200_metres,Heat 1,4,7,Shota Iizuka,Japan,20.72,
https://en.wikipedia.org/wiki/Athletics_at_the_2024_Summer_Olympics_–_Men's_200_metres,Heat 1,5,4,Ondřej Macík,Czech Republic,21.14,
https://en.wikipedia.org/wiki/Athletics_at_the_2024_Summer_Olympics_–_Men's_200_metres,Heat 1,—,3,Cheickna Traore,Ivory Coast,DNS,
https://en.wikipedia.org/wiki/Athletics_at_the_2024_Summer_Olympics_–_Men's_200_metres,Heat 2,1,4,Brendon Rodney,Canada,20.42,Q
https://en.wikipedia.org/wiki/Athletics_at_the_2024_Summer_Olympics_–_Men's_200_metres,Heat 2,2,5,Bryan Levell,Jamaica,20.47,q
https://en.wikipedia.org/wiki/Athletics_at_the_2024_Summer_Olympics_–_Men's_200_metres,Heat 2,3,8,Pablo Mateo,France,20.57,
https://en.wikipedia.org/wiki/Athletics_at_the_2024_Summer_Olympics_–_Men's_200_metres,Heat 2,4,6,Koki Ueyama,Japan,20.92,
https://en.wikipedia.org/wiki/Athletics_at_the_2024_Summer_Olympics_–_Men's_200_metres,Heat 2,—,3,César Almirón,Paraguay,DQ,TR17.2.3[C]
https://en.wikipedia.org/wiki/Athletics_at_the_2024_Summer_Olympics_–_Men's_200_metres,Heat 3,1,7,Ryan Zeze,France,20.40,Q
https://en.wikipedia.org/wiki/Athletics_at_the_2024_Summer_Olympics_–_Men's_200_metres,Heat 3,2,4,Aaron Brown,Canada,20.42,q
https://en.wikipedia.org/wiki/Athletics_at_the_2024_Summer_Olympics_–_Men's_200_metres,Heat 3,3,6,Chun-Han Yang,Chinese Taipei,20.73,
https://en.wikipedia.org/wiki/Athletics_at_the_2024_Summer_Olympics_–_Men's_200_metres,Heat 3,4,3,Blessing Afrifah,Israel,20.88,
https://en.wikipedia.org/wiki/Athletics_at_the_2024_Summer_Olympics_–_Men's_200_metres,Heat 3,5,2,Albert Komański,Poland,20.90,
https://en.wikipedia.org/wiki/Athletics_at_the_2024_Summer_Olympics_–_Men's_200_metres,Heat 3,6,8,Eduard Kubelík,Czech Republic,21.20,
https://en.wikipedia.org/wiki/Athletics_at_the_2024_Summer_Olympics_–_Men's_200_metres,Heat 3,—,5,William Reais,Switzerland,DNS,
https://en.wikipedia.org/wiki/Athletics_at_the_2024_Summer_Olympics_–_Men's_200_metres,Heat 4,1,6,Erik Erlandsson,Sweden,20.49,"Q,PB"
https://en.wikipedia.org/wiki/Athletics_at_the_2024_Summer_Olympics_–_Men's_200_metres,Heat 4,2,7,Andrew Hudson,Jamaica,20.55,
https://en.wikipedia.org/wiki/Athletics_at_the_2024_Summer_Olympics_–_Men's_200_metres,Heat 4,3,8,Ian Kerr,Bahamas,20.60,
https://en.wikipedia.org/wiki/Athletics_at_the_2024_Summer_Olympics_–_Men's_200_metres,Heat 4,4,5,Felix Svensson,Switzerland,20.65,
https://en.wikipedia.org/wiki/Athletics_at_the_2024_Summer_Olympics_–_Men's_200_metres,Heat 4,5,3,Tomáš Němejc,Czech Republic,20.84,
https://en.wikipedia.org/wiki/Athletics_at_the_2024_Summer_Olympics_–_Men's_200_metres,Heat 4,—,4,Benjamin Richardson,South Africa,DNS,
https://en.wikipedia.org/wiki/Athletics_at_the_2024_Summer_Olympics_–_Men's_200_metres,Semifinal 1,1,7,Kenneth Bednarek,United States,20.00,Q
https://en.wikipedia.org/wiki/Athletics_at_the_2024_Summer_Olympics_–_Men's_200_metres,Semifinal 1,2,8,Alexander Ogando,Dominican Republic,20.09,Q
https://en.wikipedia.org/wiki/Athletics_at_the_2024_Summer_Olympics_–_Men's_200_metres,Semifinal 1,3,5,Andre De Grasse,Canada,20.41,
https://en.wikipedia.org/wiki/Athletics_at_the_2024_Summer_Olympics_–_Men's_200_metres,Semifinal 1,4,4,Shaun Maswanganyi,South Africa,20.42,
https://en.wikipedia.org/wiki/Athletics_at_the_2024_Summer_Olympics_–_Men's_200_metres,Semifinal 1,5,9,Wanya McCoy,Bahamas,20.61,
https://en.wikipedia.org/wiki/Athletics_at_the_2024_Summer_Olympics_–_Men's_200_metres,Semifinal 1,6,6,Tarsis Gracious Orogot,Uganda,20.64,
https://en.wikipedia.org/wiki/Athletics_at_the_2024_Summer_Olympics_–_Men's_200_metres,Semifinal 1,7,3,Ryan Zeze,France,20.81,
https://en.wikipedia.org/wiki/Athletics_at_the_2024_Summer_Olympics_–_Men's_200_metres,Semifinal 1,8,2,Bryan Levell,Jamaica,20.93,
https://en.wikipedia.org/wiki/Athletics_at_the_2024_Summer_Olympics_–_Men's_200_metres,Semifinal 2,1,8,Letsile Tebogo,Botswana,19.96,Q
https://en.wikipedia.org/wiki/Athletics_at_the_2024_Summer_Olympics_–_Men's_200_metres,Semifinal 2,2,6,Noah Lyles,United States,20.08,Q
https://en.wikipedia.org/wiki/Athletics_at_the_2024_Summer_Olympics_–_Men's_200_metres,Semifinal 2,3,4,Makanakaishe Charamba,Zimbabwe,20.31,q
https://en.wikipedia.org/wiki/Athletics_at_the_2024_Summer_Olympics_–_Men's_200_metres,Semifinal 2,4,7,Eseosa Fostine Desalu,Italy,20.37,
https://en.wikipedia.org/wiki/Athletics_at_the_2024_Summer_Olympics_–_Men's_200_metres,Semifinal 2,5,5,Joshua Hartmann,Germany,20.47,
https://en.wikipedia.org/wiki/Athletics_at_the_2024_Summer_Olympics_–_Men's_200_metres,Semifinal 2,6,9,Towa Uzawa,Japan,20.54,
https://en.wikipedia.org/wiki/Athletics_at_the_2024_Summer_Olympics_–_Men's_200_metres,Semifinal 2,7,3,Aaron Brown,Canada,20.57,
https://en.wikipedia.org/wiki/Athletics_at_the_2024_Summer_Olympics_–_Men's_200_metres,Semifinal 2,8,2,Erik Erlandsson,Sweden,20.93,
https://en.wikipedia.org/wiki/Athletics_at_the_2024_Summer_Olympics_–_Men's_200_metres,Semifinal 3,1,8,Erriyon Knighton,United States,20.09,Q
https://en.wikipedia.org/wiki/Athletics_at_the_2024_Summer_Olympics_–_Men's_200_metres,Semifinal 3,2,6,Joseph Fahnbulleh,Liberia,20.12,Q
https://en.wikipedia.org/wiki/Athletics_at_the_2024_Summer_Olympics_–_Men's_200_metres,Semifinal 3,3,7,Tapiwanashe Makarawu,Zimbabwe,20.16,q
https://en.wikipedia.org/wiki/Athletics_at_the_2024_Summer_Olympics_–_Men's_200_metres,Semifinal 3,4,5,Filippo Tortu,Italy,20.54,
https://en.wikipedia.org/wiki/Athletics_at_the_2024_Summer_Olympics_–_Men's_200_metres,Semifinal 3,5,3,Brendon Rodney,Canada,20.59,
https://en.wikipedia.org/wiki/Athletics_at_the_2024_Summer_Olympics_–_Men's_200_metres,Semifinal 3,6,9,Renan Gallina,Brazil,20.60,
https://en.wikipedia.org/wiki/Athletics_at_the_2024_Summer_Olympics_–_Men's_200_metres,Semifinal 3,7,2,Udodi Chudi Onwuzurike,Nigeria,20.72 (.717),
https://en.wikipedia.org/wiki/Athletics_at_the_2024_Summer_Olympics_–_Men's_200_metres,Semifinal 3,7,4,Wayde van Niekerk,South Africa,20.72 (.717),
https://en.wikipedia.org/wiki/Athletics_at_the_2024_Summer_Olympics_–_Men's_200_metres,Final,,7,Letsile Tebogo,Botswana,19.46,"AR,WL"
https://en.wikipedia.org/wiki/Athletics_at_the_2024_Summer_Olympics_–_Men's_200_metres,Final,,8,Kenneth Bednarek,United States,19.62,
https://en.wikipedia.org/wiki/Athletics_at_the_2024_Summer_Olympics_–_Men's_200_metres,Final,,5,Noah Lyles,United States,19.70,TR7.1[C]
https://en.wikipedia.org/wiki/Athletics_at_the_2024_Summer_Olympics_–_Men's_200_metres,Final,4,6,Erriyon Knighton,United States,19.99,
https://en.wikipedia.org/wiki/Athletics_at_the_2024_Summer_Olympics_–_Men's_200_metres,Final,5,4,Alexander Ogando,Dominican Republic,20.02,
https://en.wikipedia.org/wiki/Athletics_at_the_2024_Summer_Olympics_–_Men's_200_metres,Final,6,2,Tapiwanashe Makarawu,Zimbabwe,20.10,
https://en.wikipedia.org/wiki/Athletics_at_the_2024_Summer_Olympics_–_Men's_200_metres,Final,7,9,Joseph Fahnbulleh,Liberia,20.15,
https://en.wikipedia.org/wiki/Athletics_at_the_2024_Summer_Olympics_–_Men's_200_metres,Final,8,3,Makanakaishe Charamba,Zimbabwe,20.53,
https://en.wikipedia.org/wiki/Athletics_at_the_2024_Summer_Olympics_–_Women's_200_metres,Heat 1,1,4,Julien Alfred,Saint Lucia,22.41,Q
https://en.wikipedia.org/wiki/Athletics_at_the_2024_Summer_Olympics_–_Women's_200_metres,Heat 1,2,5,Gémima Joseph,France,22.72,Q
https://en.wikipedia.org/wiki/Athletics_at_the_2024_Summer_Olympics_–_Women's_200_metres,Heat 1,3,6,Julia Henriksson,Sweden,22.79,"Q,NR"
https://en.wikipedia.org/wiki/Athletics_at_the_2024_Summer_Olympics_–_Women's_200_metres,Heat 1,4,9,Torrie Lewis,Australia,22.89,PB
https://en.wikipedia.org/wiki/Athletics_at_the_2024_Summer_Olympics_–_Women's_200_metres,Heat 1,5,7,Lorène Dorcas Bazolo,Portugal,23.10,SB
https://en.wikipedia.org/wiki/Athletics_at_the_2024_Summer_Olympics_–_Women's_200_metres,Heat 1,6,2,Léonie Pointet,Switzerland,23.42,
https://en.wikipedia.org/wiki/Athletics_at_the_2024_Summer_Olympics_–_Women's_200_metres,Heat 1,7,3,Olga Safronova,Kazakhstan,23.58,
https://en.wikipedia.org/wiki/Athletics_at_the_2024_Summer_Olympics_–_Women's_200_metres,Heat 1,,8,Marie-Josée Ta Lou-Smith,Ivory Coast,DNS,
https://en.wikipedia.org/wiki/Athletics_at_the_2024_Summer_Olympics_–_Women's_200_metres,Heat 2,1,5,Gabrielle Thomas,United States,22.20,Q
https://en.wikipedia.org/wiki/Athletics_at_the_2024_Summer_Olympics_–_Women's_200_metres,Heat 2,2,6,Niesha Burgher,Jamaica,22.54,Q
https://en.wikipedia.org/wiki/Athletics_at_the_2024_Summer_Olympics_–_Women's_200_metres,Heat 2,3,3,Mujinga Kambundji,Switzerland,22.75,Q
https://en.wikipedia.org/wiki/Athletics_at_the_2024_Summer_Olympics_–_Women's_200_metres,Heat 2,4,8,Jacqueline Madogo,Canada,22.78,PB
https://en.wikipedia.org/wiki/Athletics_at_the_2024_Summer_Olympics_–_Women's_200_metres,Heat 2,5,4,Anahí Suárez,Ecuador,23.33,
https://en.wikipedia.org/wiki/Athletics_at_the_2024_Summer_Olympics_–_Women's_200_metres,Heat 2,6,7,Dalia Kaddari,Italy,23.49,
https://en.wikipedia.org/wiki/Athletics_at_the_2024_Summer_Olympics_–_Women's_200_metres,Heat 2,7,2,Cecilia Tamayo-Garza,Mexico,23.65,
https://en.wikipedia.org/wiki/Athletics_at_the_2024_Summer_Olympics_–_Women's_200_metres,Heat 3,1,5,Daryll Neita,Great Britain,22.39,Q
https://en.wikipedia.org/wiki/Athletics_at_the_2024_Summer_Olympics_–_Women's_200_metres,Heat 3,2,9,Tasa Jiya,Netherlands,22.74,Q
https://en.wikipedia.org/wiki/Athletics_at_the_2024_Summer_Olympics_–_Women's_200_metres,Heat 3,3,3,Helene Parisot,France,22.99,Q
https://en.wikipedia.org/wiki/Athletics_at_the_2024_Summer_Olympics_–_Women's_200_metres,Heat 3,4,7,Nicole Caicedo,Ecuador,23.18,
https://en.wikipedia.org/wiki/Athletics_at_the_2024_Summer_Olympics_–_Women's_200_metres,Heat 3,5,2,Nora Lindahl,Sweden,23.33,
https://en.wikipedia.org/wiki/Athletics_at_the_2024_Summer_Olympics_–_Women's_200_metres,Heat 3,6,6,Martyna Kotwiła,Poland,23.43,
https://en.wikipedia.org/wiki/Athletics_at_the_2024_Summer_Olympics_–_Women's_200_metres,Heat 3,7,8,Anna Bongiorni,Italy,23.49,
https://en.wikipedia.org/wiki/Athletics_at_the_2024_Summer_Olympics_–_Women's_200_metres,Heat 3,,4,Shericka Jackson,Jamaica,DNS,
https://en.wikipedia.org/wiki/Athletics_at_the_2024_Summer_Olympics_–_Women's_200_metres,Heat 4,1,9,Mckenzie Long,United States,22.55,Q
https://en.wikipedia.org/wiki/Athletics_at_the_2024_Summer_Olympics_–_Women's_200_metres,Heat 4,2,7,Jessika Gbai,Ivory Coast,22.61,Q
https://en.wikipedia.org/wiki/Athletics_at_the_2024_Summer_Olympics_–_Women's_200_metres,Heat 4,3,3,Audrey Leduc,Canada,22.88,Q
https://en.wikipedia.org/wiki/Athletics_at_the_2024_Summer_Olympics_–_Women's_200_metres,Heat 4,4,2,Jaël Bestué,Spain,23.17,
https://en.wikipedia.org/wiki/Athletics_at_the_2024_Summer_Olympics_–_Women's_200_metres,Heat 4,5,6,Krystsina Tsimanouskaya,Poland,23.30,
https://en.wikipedia.org/wiki/Athletics_at_the_2024_Summer_Olympics_–_Women's_200_metres,Heat 4,6,5,Mia Gross,Australia,23.36,
https://en.wikipedia.org/wiki/Athletics_at_the_2024_Summer_Olympics_–_Women's_200_metres,Heat 4,7,4,Aimara Nazareno,Ecuador,23.52,
https://en.wikipedia.org/wiki/Athletics_at_the_2024_Summer_Olympics_–_Women's_200_metres,Heat 4,8,8,Lorraine Martins,Brazil,23.68,
https://en.wikipedia.org/wiki/Athletics_at_the_2024_Summer_Olympics_–_Women's_200_metres,Heat 5,1,7,Brittany Brown,United States,22.38,
https://en.wikipedia.org/wiki/Athletics_at_the_2024_Summer_Olympics_–_Women's_200_metres,Heat 5,2,2,Lanae-Tava Thomas,Jamaica,22.70,
https://en.wikipedia.org/wiki/Athletics_at_the_2024_Summer_Olympics_–_Women's_200_metres,Heat 5,3,3,Bianca Williams,Great Britain,22.77,
https://en.wikipedia.org/wiki/Athletics_at_the_2024_Summer_Olympics_–_Women's_200_metres,Heat 5,4,8,Polyniki Emmanouilidou,Greece,23.06,
https://en.wikipedia.org/wiki/Athletics_at_the_2024_Summer_Olympics_–_Women's_200_metres,Heat 5,5,5,Olivia Fotopoulou,Cyprus,23.07,
https://en.wikipedia.org/wiki/Athletics_at_the_2024_Summer_Olympics_–_Women's_200_metres,Heat 5,6,4,Boglárka Takács,Hungary,23.16,
https://en.wikipedia.org/wiki/Athletics_at_the_2024_Summer_Olympics_–_Women's_200_metres,Heat 5,7,9,Imke Vervaet,Belgium,23.20,
https://en.wikipedia.org/wiki/Athletics_at_the_2024_Summer_Olympics_–_Women's_200_metres,Heat 5,8,6,Veronica Shanti Pereira,Singapore,23.21,
https://en.wikipedia.org/wiki/Athletics_at_the_2024_Summer_Olympics_–_Women's_200_metres,Heat 6,1,2,Favour Ofili,Nigeria,22.24,"Q,SB"
https://en.wikipedia.org/wiki/Athletics_at_the_2024_Summer_Olympics_–_Women's_200_metres,Heat 6,2,8,Dina Asher-Smith,Great Britain,22.28,Q
https://en.wikipedia.org/wiki/Athletics_at_the_2024_Summer_Olympics_–_Women's_200_metres,Heat 6,3,7,Gina Mariam Bass-Bittaye,The Gambia,22.84,"Q,SB"
https://en.wikipedia.org/wiki/Athletics_at_the_2024_Summer_Olympics_–_Women's_200_metres,Heat 6,4,3,Maboundou Koné,Ivory Coast,22.87,SB
https://en.wikipedia.org/wiki/Athletics_at_the_2024_Summer_Olympics_–_Women's_200_metres,Heat 6,5,5,Adaejah Hodge,British Virgin Islands,23.00,
https://en.wikipedia.org/wiki/Athletics_at_the_2024_Summer_Olympics_–_Women's_200_metres,Heat 6,6,4,Ida Karstoft,Denmark,23.01,
https://en.wikipedia.org/wiki/Athletics_at_the_2024_Summer_Olympics_–_Women's_200_metres,Heat 6,7,9,Yuting Li,China,23.31,
https://en.wikipedia.org/wiki/Athletics_at_the_2024_Summer_Olympics_–_Women's_200_metres,Heat 6,8,6,Ana Azevedo,Brazil,23.37,
https://en.wikipedia.org/wiki/Athletics_at_the_2024_Summer_Olympics_–_Women's_200_metres,Heat 1,1,8,Jacqueline Madogo,Canada,22.58,"Q,PB"
https://en.wikipedia.org/wiki/Athletics_at_the_2024_Summer_Olympics_–_Women's_200_metres,Heat 1,2,7,Adaejah Hodge,British Virgin Islands,22.94,q
https://en.wikipedia.org/wiki/Athletics_at_the_2024_Summer_Olympics_–_Women's_200_metres,Heat 1,3,6,Polyniki Emmanouilidou,Greece,22.99,q
https://en.wikipedia.org/wiki/Athletics_at_the_2024_Summer_Olympics_–_Women's_200_metres,Heat 1,4,4,Lorène Dorcas Bazolo,Portugal,23.08,SB
https://en.wikipedia.org/wiki/Athletics_at_the_2024_Summer_Olympics_–_Women's_200_metres,Heat 1,5,5,Aimara Nazareno,Ecuador,23.35,
https://en.wikipedia.org/wiki/Athletics_at_the_2024_Summer_Olympics_–_Women's_200_metres,Heat 1,6,2,Ana Azevedo,Brazil,23.44,
https://en.wikipedia.org/wiki/Athletics_at_the_2024_Summer_Olympics_–_Women's_200_metres,Heat 1,7,3,Veronica Shanti Pereira,Singapore,23.45,
https://en.wikipedia.org/wiki/Athletics_at_the_2024_Summer_Olympics_–_Women's_200_metres,Heat 2,1,4,Maboundou Koné,Ivory Coast,22.89,Q
https://en.wikipedia.org/wiki/Athletics_at_the_2024_Summer_Olympics_–_Women's_200_metres,Heat 2,2,8,Boglárka Takács,Hungary,23.05,
https://en.wikipedia.org/wiki/Athletics_at_the_2024_Summer_Olympics_–_Women's_200_metres,Heat 2,3,3,Li Yuting,China,23.24,
https://en.wikipedia.org/wiki/Athletics_at_the_2024_Summer_Olympics_–_Women's_200_metres,Heat 2,4,5,Martyna Kotwiła,Poland,23.50,
https://en.wikipedia.org/wiki/Athletics_at_the_2024_Summer_Olympics_–_Women's_200_metres,Heat 2,5,7,Anahí Suárez,Ecuador,23.54,
https://en.wikipedia.org/wiki/Athletics_at_the_2024_Summer_Olympics_–_Women's_200_metres,Heat 2,6,6,Lorraine Martins,Brazil,23.82,
https://en.wikipedia.org/wiki/Athletics_at_the_2024_Summer_Olympics_–_Women's_200_metres,Heat 2,,3,Dalia Kaddari,Italy,DNS,
https://en.wikipedia.org/wiki/Athletics_at_the_2024_Summer_Olympics_–_Women's_200_metres,Heat 3,1,8,Olivia Fotopoulou,Cyprus,22.92,"Q, =SB"
https://en.wikipedia.org/wiki/Athletics_at_the_2024_Summer_Olympics_–_Women's_200_metres,Heat 3,2,5,Krystsina Tsimanouskaya,Poland,23.01,
https://en.wikipedia.org/wiki/Athletics_at_the_2024_Summer_Olympics_–_Women's_200_metres,Heat 3,3,7,Nicole Caicedo,Ecuador,23.04,
https://en.wikipedia.org/wiki/Athletics_at_the_2024_Summer_Olympics_–_Women's_200_metres,Heat 3,4,4,Mia Gross,Australia,23.34,
https://en.wikipedia.org/wiki/Athletics_at_the_2024_Summer_Olympics_–_Women's_200_metres,Heat 3,5,6,Cecilia Tamayo-Garza,Mexico,23.49,
https://en.wikipedia.org/wiki/Athletics_at_the_2024_Summer_Olympics_–_Women's_200_metres,Heat 3,,2,Anna Bongiorni,Italy,DNS,
https://en.wikipedia.org/wiki/Athletics_at_the_2024_Summer_Olympics_–_Women's_200_metres,Heat 3,,3,Ida Karstoft,Denmark,DNS,
https://en.wikipedia.org/wiki/Athletics_at_the_2024_Summer_Olympics_–_Women's_200_metres,Heat 4,1,2,Torrie Lewis,Australia,23.08,Q
https://en.wikipedia.org/wiki/Athletics_at_the_2024_Summer_Olympics_–_Women's_200_metres,Heat 4,2,3,Jaël Bestué,Spain,23.22,
https://en.wikipedia.org/wiki/Athletics_at_the_2024_Summer_Olympics_–_Women's_200_metres,Heat 4,3,7,Imke Vervaet,Belgium,23.33,
https://en.wikipedia.org/wiki/Athletics_at_the_2024_Summer_Olympics_–_Women's_200_metres,Heat 4,4,6,Léonie Pointet,Switzerland,23.37,
https://en.wikipedia.org/wiki/Athletics_at_the_2024_Summer_Olympics_–_Women's_200_metres,Heat 4,5,4,Nora Lindahl,Sweden,23.51,
https://en.wikipedia.org/wiki/Athletics_at_the_2024_Summer_Olympics_–_Women's_200_metres,Heat 4,6,5,Olga Safronova,Kazakhstan,23.70,
https://en.wikipedia.org/wiki/Athletics_at_the_2024_Summer_Olympics_–_Women's_200_metres,Heat 1,1,7,Julien Alfred,Saint Lucia,21.98,Q
https://en.wikipedia.org/wiki/Athletics_at_the_2024_Summer_Olympics_–_Women's_200_metres,Heat 1,2,6,Favour Ofili,Nigeria,22.05,"Q,SB"
https://en.wikipedia.org/wiki/Athletics_at_the_2024_Summer_Olympics_–_Women's_200_metres,Heat 1,3,8,McKenzie Long,United States,22.30,q
https://en.wikipedia.org/wiki/Athletics_at_the_2024_Summer_Olympics_–_Women's_200_metres,Heat 1,4,9,Bianca Williams,Great Britain,22.58,SB
https://en.wikipedia.org/wiki/Athletics_at_the_2024_Summer_Olympics_–_Women's_200_metres,Heat 1,5,3,Maboundou Koné,Ivory Coast,22.65,SB
https://en.wikipedia.org/wiki/Athletics_at_the_2024_Summer_Olympics_–_Women's_200_metres,Heat 1,6,5,Audrey Leduc,Canada,22.68,
https://en.wikipedia.org/wiki/Athletics_at_the_2024_Summer_Olympics_–_Women's_200_metres,Heat 1,7,4,Gémima Joseph,France,22.69,
https://en.wikipedia.org/wiki/Athletics_at_the_2024_Summer_Olympics_–_Women's_200_metres,Heat 1,8,2,Adaejah Hodge,British Virgin Islands,22.70,
https://en.wikipedia.org/wiki/Athletics_at_the_2024_Summer_Olympics_–_Women's_200_metres,Heat 2,1,8,Gabrielle Thomas,United States,21.86,Q
https://en.wikipedia.org/wiki/Athletics_at_the_2024_Summer_Olympics_–_Women's_200_metres,Heat 2,2,7,Dina Asher-Smith,Great Britain,22.31,Q
https://en.wikipedia.org/wiki/Athletics_at_the_2024_Summer_Olympics_–_Women's_200_metres,Heat 2,3,5,Helene Parisot,France,22.55,PB
https://en.wikipedia.org/wiki/Athletics_at_the_2024_Summer_Olympics_–_Women's_200_metres,Heat 2,4,4,Mujinga Kambundji,Switzerland,22.63,
https://en.wikipedia.org/wiki/Athletics_at_the_2024_Summer_Olympics_–_Women's_200_metres,Heat 2,5,6,Niesha Burgher,Jamaica,22.64,
https://en.wikipedia.org/wiki/Athletics_at_the_2024_Summer_Olympics_–_Women's_200_metres,Heat 2,6,9,Tasa Jiya,Netherlands,22.81 (.801),
https://en.wikipedia.org/wiki/Athletics_at_the_2024_Summer_Olympics_–_Women's_200_metres,Heat 2,7,3,Jacqueline Madogo,Canada,22.81 (.807),
https://en.wikipedia.org/wiki/Athletics_at_the_2024_Summer_Olympics_–_Women's_200_metres,Heat 2,8,2,Polyniki Emmanouilidou,Greece,23.18,
https://en.wikipedia.org/wiki/Athletics_at_the_2024_Summer_Olympics_–_Women's_200_metres,Heat 3,1,7,Brittany Brown,United States,22.12,Q
https://en.wikipedia.org/wiki/Athletics_at_the_2024_Summer_Olympics_–_Women's_200_metres,Heat 3,2,6,Daryll Neita,Great Britain,22.24,Q
https://en.wikipedia.org/wiki/Athletics_at_the_2024_Summer_Olympics_–_Women's_200_metres,Heat 3,3,8,Jessika Gbai,Ivory Coast,22.36,"q,PB"
https://en.wikipedia.org/wiki/Athletics_at_the_2024_Summer_Olympics_–_Women's_200_metres,Heat 3,4,5,Gina Mariam Bass-Bittaye,The Gambia,22.66,SB
https://en.wikipedia.org/wiki/Athletics_at_the_2024_Summer_Olympics_–_Women's_200_metres,Heat 3,5,9,Lanae-Tava Thomas,Jamaica,22.77,
https://en.wikipedia.org/wiki/Athletics_at_the_2024_Summer_Olympics_–_Women's_200_metres,Heat 3,6,4,Julia Henriksson,Sweden,22.88,
https://en.wikipedia.org/wiki/Athletics_at_the_2024_Summer_Olympics_–_Women's_200_metres,Heat 3,7,3,Torrie Lewis,Australia,22.92,
https://en.wikipedia.org/wiki/Athletics_at_the_2024_Summer_Olympics_–_Women's_200_metres,Heat 3,8,2,Olivia Fotopoulou,Cyprus,22.98,
https://en.wikipedia.org/wiki/Athletics_at_the_2024_Summer_Olympics_–_Women's_200_metres,Final,,7,Gabrielle Thomas,United States,21.83,
https://en.wikipedia.org/wiki/Athletics_at_the_2024_Summer_Olympics_–_Women's_200_metres,Final,,8,Julien Alfred,Saint Lucia,22.08,
https://en.wikipedia.org/wiki/Athletics_at_the_2024_Summer_Olympics_–_Women's_200_metres,Final,,6,Brittany Brown,United States,22.20,
https://en.wikipedia.org/wiki/Athletics_at_the_2024_Summer_Olympics_–_Women's_200_metres,Final,4,4,Dina Asher-Smith,Great Britain,22.22,
https://en.wikipedia.org/wiki/Athletics_at_the_2024_Summer_Olympics_–_Women's_200_metres,Final,5,5,Daryll Neita,Great Britain,22.23,
https://en.wikipedia.org/wiki/Athletics_at_the_2024_Summer_Olympics_–_Women's_200_metres,Final,6,9,Favour Ofili,Nigeria,22.24,
https://en.wikipedia.org/wiki/Athletics_at_the_2024_Summer_Olympics_–_Women's_200_metres,Final,7,2,McKenzie Long,United States,22.42,
https://en.wikipedia.org/wiki/Athletics_at_the_2024_Summer_Olympics_–_Women's_200_metres,Final,8,3,Jessika Gbai,Ivory Coast,22.70,
https://en.wikipedia.org/wiki/Athletics_at_the_2024_Summer_Olympics_–_Men's_400_metres,Heat 1,1,6,Matthew Hudson-Smith,Great Britain,44.78,Q
https://en.wikipedia.org/wiki/Athletics_at_the_2024_Summer_Olympics_–_Men's_400_metres,Heat 1,2,3,Christopher Bailey,United States,44.89,Q
https://en.wikipedia.org/wiki/Athletics_at_the_2024_Summer_Olympics_–_Men's_400_metres,Heat 1,3,4,Håvard Bentdal Ingvaldsen,Norway,45.46,Q
https://en.wikipedia.org/wiki/Athletics_at_the_2024_Summer_Olympics_–_Men's_400_metres,Heat 1,4,7,Chidi Okezie,Nigeria,45.52,
https://en.wikipedia.org/wiki/Athletics_at_the_2024_Summer_Olympics_–_Men's_400_metres,Heat 1,5,2,Kentaro Sato,Japan,45.60,
https://en.wikipedia.org/wiki/Athletics_at_the_2024_Summer_Olympics_–_Men's_400_metres,Heat 1,6,8,Oleksandr Pohorilko,Ukraine,45.71,
https://en.wikipedia.org/wiki/Athletics_at_the_2024_Summer_Olympics_–_Men's_400_metres,Heat 1,7,5,Deandre Watkin,Jamaica,45.97,
https://en.wikipedia.org/wiki/Athletics_at_the_2024_Summer_Olympics_–_Men's_400_metres,Heat 2,1,6,Michael Norman,United States,44.10,"Q,SB"
https://en.wikipedia.org/wiki/Athletics_at_the_2024_Summer_Olympics_–_Men's_400_metres,Heat 2,2,9,Jereem Richards,Trinidad and Tobago,44.31,Q
https://en.wikipedia.org/wiki/Athletics_at_the_2024_Summer_Olympics_–_Men's_400_metres,Heat 2,3,2,Busang Kebinatshipi,Botswana,44.45,"Q,PB"
https://en.wikipedia.org/wiki/Athletics_at_the_2024_Summer_Olympics_–_Men's_400_metres,Heat 2,4,8,Ammar Ibrahim,Qatar,44.66,PB
https://en.wikipedia.org/wiki/Athletics_at_the_2024_Summer_Olympics_–_Men's_400_metres,Heat 2,5,5,Sean Bailey,Jamaica,44.68,
https://en.wikipedia.org/wiki/Athletics_at_the_2024_Summer_Olympics_–_Men's_400_metres,Heat 2,6,4,Attila Molnár,Hungary,45.24,
https://en.wikipedia.org/wiki/Athletics_at_the_2024_Summer_Olympics_–_Men's_400_metres,Heat 2,7,7,Anthony Zambrano,Colombia,45.49,
https://en.wikipedia.org/wiki/Athletics_at_the_2024_Summer_Olympics_–_Men's_400_metres,Heat 2,8,3,Michael Joseph,Saint Lucia,45.69,
https://en.wikipedia.org/wiki/Athletics_at_the_2024_Summer_Olympics_–_Men's_400_metres,Heat 3,1,3,Muzala Samukonga,Zambia,44.56,Q
https://en.wikipedia.org/wiki/Athletics_at_the_2024_Summer_Olympics_–_Men's_400_metres,Heat 3,2,2,Bayapo Ndori,Botswana,44.87,Q
https://en.wikipedia.org/wiki/Athletics_at_the_2024_Summer_Olympics_–_Men's_400_metres,Heat 3,3,8,Luca Sito,Italy,44.99,Q
https://en.wikipedia.org/wiki/Athletics_at_the_2024_Summer_Olympics_–_Men's_400_metres,Heat 3,4,5,Jean Paul Bredau,Germany,45.07,
https://en.wikipedia.org/wiki/Athletics_at_the_2024_Summer_Olympics_–_Men's_400_metres,Heat 3,5,7,Dylan Borlée,Belgium,45.36,
https://en.wikipedia.org/wiki/Athletics_at_the_2024_Summer_Olympics_–_Men's_400_metres,Heat 3,6,9,Yuki Joseph Nakajima,Japan,45.37,
https://en.wikipedia.org/wiki/Athletics_at_the_2024_Summer_Olympics_–_Men's_400_metres,Heat 3,7,6,Lythe Pillay,South Africa,45.60,
https://en.wikipedia.org/wiki/Athletics_at_the_2024_Summer_Olympics_–_Men's_400_metres,Heat 3,8,4,Matěj Krsek,Czech Republic,45.71,
https://en.wikipedia.org/wiki/Athletics_at_the_2024_Summer_Olympics_–_Men's_400_metres,Heat 4,1,7,Quincy Hall,United States,44.28,Q
https://en.wikipedia.org/wiki/Athletics_at_the_2024_Summer_Olympics_–_Men's_400_metres,Heat 4,2,5,Samuel Ogazi,Nigeria,44.50,"Q,PB"
https://en.wikipedia.org/wiki/Athletics_at_the_2024_Summer_Olympics_–_Men's_400_metres,Heat 4,3,6,Reece Holder,Australia,44.53,"Q,PB"
https://en.wikipedia.org/wiki/Athletics_at_the_2024_Summer_Olympics_–_Men's_400_metres,Heat 4,4,8,Jonathan Sacoor,Belgium,45.08,
https://en.wikipedia.org/wiki/Athletics_at_the_2024_Summer_Olympics_–_Men's_400_metres,Heat 4,5,2,Alexander Ogando,Dominican Republic,45.11,SB
https://en.wikipedia.org/wiki/Athletics_at_the_2024_Summer_Olympics_–_Men's_400_metres,Heat 4,6,3,Elián Larregina,Argentina,47.80,
https://en.wikipedia.org/wiki/Athletics_at_the_2024_Summer_Olympics_–_Men's_400_metres,Heat 4,,4,Steven Gardiner,Bahamas,DNS,
https://en.wikipedia.org/wiki/Athletics_at_the_2024_Summer_Olympics_–_Men's_400_metres,Heat 5,1,6,Kirani James,Grenada,44.78,Q
https://en.wikipedia.org/wiki/Athletics_at_the_2024_Summer_Olympics_–_Men's_400_metres,Heat 5,2,8,Christopher Morales Williams,Canada,44.96,Q
https://en.wikipedia.org/wiki/Athletics_at_the_2024_Summer_Olympics_–_Men's_400_metres,Heat 5,3,9,Aruna Darshana,Sri Lanka,44.99,"Q,PB"
https://en.wikipedia.org/wiki/Athletics_at_the_2024_Summer_Olympics_–_Men's_400_metres,Heat 5,4,4,Zakithi Nene,South Africa,45.01,
https://en.wikipedia.org/wiki/Athletics_at_the_2024_Summer_Olympics_–_Men's_400_metres,Heat 5,5,7,Leungo Scotch,Botswana,45.28,
https://en.wikipedia.org/wiki/Athletics_at_the_2024_Summer_Olympics_–_Men's_400_metres,Heat 5,6,3,Lionel Spitz,Switzerland,45.81,
https://en.wikipedia.org/wiki/Athletics_at_the_2024_Summer_Olympics_–_Men's_400_metres,Heat 5,7,5,Lucas Carvalho,Brazil,45.85,
https://en.wikipedia.org/wiki/Athletics_at_the_2024_Summer_Olympics_–_Men's_400_metres,Heat 5,8,2,Davide Re,Italy,46.74,
https://en.wikipedia.org/wiki/Athletics_at_the_2024_Summer_Olympics_–_Men's_400_metres,Heat 6,1,5,Charlie Dobson,Great Britain,44.96,Q
https://en.wikipedia.org/wiki/Athletics_at_the_2024_Summer_Olympics_–_Men's_400_metres,Heat 6,2,7,Alexander Doom,Belgium,45.01,Q
https://en.wikipedia.org/wiki/Athletics_at_the_2024_Summer_Olympics_–_Men's_400_metres,Heat 6,3,3,Jevaughn Powell,Jamaica,45.12,Q
https://en.wikipedia.org/wiki/Athletics_at_the_2024_Summer_Olympics_–_Men's_400_metres,Heat 6,4,9,João Coelho,Portugal,45.35,SB
https://en.wikipedia.org/wiki/Athletics_at_the_2024_Summer_Olympics_–_Men's_400_metres,Heat 6,5,2,Cheikh Tidiane Diouf,Senegal,45.59,
https://en.wikipedia.org/wiki/Athletics_at_the_2024_Summer_Olympics_–_Men's_400_metres,Heat 6,6,8,Fuga Sato,Japan,46.13,
https://en.wikipedia.org/wiki/Athletics_at_the_2024_Summer_Olympics_–_Men's_400_metres,Heat 6,7,4,Gilles Biron,France,46.19,
https://en.wikipedia.org/wiki/Athletics_at_the_2024_Summer_Olympics_–_Men's_400_metres,Heat 6,,6,Zablon Ekwam,Kenya,DNF,
https://en.wikipedia.org/wiki/Athletics_at_the_2024_Summer_Olympics_–_Men's_400_metres,Heat 1,1,4,Elián Larregina,Argentina,45.36,Q
https://en.wikipedia.org/wiki/Athletics_at_the_2024_Summer_Olympics_–_Men's_400_metres,Heat 1,2,8,Gilles Biron,France,45.87,
https://en.wikipedia.org/wiki/Athletics_at_the_2024_Summer_Olympics_–_Men's_400_metres,Heat 1,3,3,Lucas Carvalho,Brazil,46.24,
https://en.wikipedia.org/wiki/Athletics_at_the_2024_Summer_Olympics_–_Men's_400_metres,Heat 1,,7,Davide Re,Italy,DNS,
https://en.wikipedia.org/wiki/Athletics_at_the_2024_Summer_Olympics_–_Men's_400_metres,Heat 1,,2,Jonathan Sacoor,Belgium,DNS,
https://en.wikipedia.org/wiki/Athletics_at_the_2024_Summer_Olympics_–_Men's_400_metres,Heat 1,,6,Fuga Sato,Japan,DNS,
https://en.wikipedia.org/wiki/Athletics_at_the_2024_Summer_Olympics_–_Men's_400_metres,Heat 1,,5,Deandre Watkin,Jamaica,DNS,
https://en.wikipedia.org/wiki/Athletics_at_the_2024_Summer_Olympics_–_Men's_400_metres,Heat 2,1,5,Lythe Pillay,South Africa,45.40,Q
https://en.wikipedia.org/wiki/Athletics_at_the_2024_Summer_Olympics_–_Men's_400_metres,Heat 2,2,7,Matěj Krsek,Czech Republic,45.53,PB
https://en.wikipedia.org/wiki/Athletics_at_the_2024_Summer_Olympics_–_Men's_400_metres,Heat 2,3,3,Oleksandr Pohorilko,Ukraine,45.59,
https://en.wikipedia.org/wiki/Athletics_at_the_2024_Summer_Olympics_–_Men's_400_metres,Heat 2,4,6,Michael Joseph,Saint Lucia,45.64,
https://en.wikipedia.org/wiki/Athletics_at_the_2024_Summer_Olympics_–_Men's_400_metres,Heat 2,5,4,Chidi Okezie,Nigeria,45.92,
https://en.wikipedia.org/wiki/Athletics_at_the_2024_Summer_Olympics_–_Men's_400_metres,Heat 2,,2,Yuki Joseph Nakajima,Japan,DNS,
https://en.wikipedia.org/wiki/Athletics_at_the_2024_Summer_Olympics_–_Men's_400_metres,Heat 2,,8,Alexander Ogando,Dominican Republic,DNS,
https://en.wikipedia.org/wiki/Athletics_at_the_2024_Summer_Olympics_–_Men's_400_metres,Heat 3,1,4,Zakithi Nene,South Africa,44.81,Q
https://en.wikipedia.org/wiki/Athletics_at_the_2024_Summer_Olympics_–_Men's_400_metres,Heat 3,2,6,Leungo Scotch,Botswana,45.33,q
https://en.wikipedia.org/wiki/Athletics_at_the_2024_Summer_Olympics_–_Men's_400_metres,Heat 3,3,3,Attila Molnár,Hungary,45.45,
https://en.wikipedia.org/wiki/Athletics_at_the_2024_Summer_Olympics_–_Men's_400_metres,Heat 3,4,5,Lionel Spitz,Switzerland,45.51,
https://en.wikipedia.org/wiki/Athletics_at_the_2024_Summer_Olympics_–_Men's_400_metres,Heat 3,,8,Kentaro Sato,Japan,DNS,
https://en.wikipedia.org/wiki/Athletics_at_the_2024_Summer_Olympics_–_Men's_400_metres,Heat 3,,7,Anthony Zambrano,Colombia,DNS,
https://en.wikipedia.org/wiki/Athletics_at_the_2024_Summer_Olympics_–_Men's_400_metres,Heat 4,1,3,Ammar Ibrahim,Qatar,44.77,Q
https://en.wikipedia.org/wiki/Athletics_at_the_2024_Summer_Olympics_–_Men's_400_metres,Heat 4,2,8,Cheikh Tidiane Diouf,Senegal,45.03,"q, =PB"
https://en.wikipedia.org/wiki/Athletics_at_the_2024_Summer_Olympics_–_Men's_400_metres,Heat 4,3,6,Jean Paul Bredau,Germany,45.40,
https://en.wikipedia.org/wiki/Athletics_at_the_2024_Summer_Olympics_–_Men's_400_metres,Heat 4,4,7,Dylan Borlée,Belgium,45.51,
https://en.wikipedia.org/wiki/Athletics_at_the_2024_Summer_Olympics_–_Men's_400_metres,Heat 4,5,4,João Coelho,Portugal,45.64,
https://en.wikipedia.org/wiki/Athletics_at_the_2024_Summer_Olympics_–_Men's_400_metres,Heat 4,,5,Sean Bailey,Jamaica,DNF,
https://en.wikipedia.org/wiki/Athletics_at_the_2024_Summer_Olympics_–_Men's_400_metres,Semifinal 1,1,5,Quincy Hall,United States,43.95,Q
https://en.wikipedia.org/wiki/Athletics_at_the_2024_Summer_Olympics_–_Men's_400_metres,Semifinal 1,2,7,Jereem Richards,Trinidad and Tobago,44.33,Q
https://en.wikipedia.org/wiki/Athletics_at_the_2024_Summer_Olympics_–_Men's_400_metres,Semifinal 1,3,4,Busang Kebinatshipi,Botswana,44.43,
https://en.wikipedia.org/wiki/Athletics_at_the_2024_Summer_Olympics_–_Men's_400_metres,Semifinal 1,4,8,Charlie Dobson,Great Britain,44.48,PB
https://en.wikipedia.org/wiki/Athletics_at_the_2024_Summer_Olympics_–_Men's_400_metres,Semifinal 1,5,3,Ammar Ibrahim,Qatar,44.63,PB
https://en.wikipedia.org/wiki/Athletics_at_the_2024_Summer_Olympics_–_Men's_400_metres,Semifinal 1,6,2,Cheikh Tidiane Diouf,Senegal,44.94,NR
https://en.wikipedia.org/wiki/Athletics_at_the_2024_Summer_Olympics_–_Men's_400_metres,Semifinal 1,7,9,Håvard Bentdal Ingvaldsen,Norway,45.60,
https://en.wikipedia.org/wiki/Athletics_at_the_2024_Summer_Olympics_–_Men's_400_metres,Semifinal 1,8,6,Alexander Doom,Belgium,1:55.10,
https://en.wikipedia.org/wiki/Athletics_at_the_2024_Summer_Olympics_–_Men's_400_metres,Semifinal 2,1,8,Kirani James,Grenada,43.78,"Q,SB"
https://en.wikipedia.org/wiki/Athletics_at_the_2024_Summer_Olympics_–_Men's_400_metres,Semifinal 2,2,5,Muzala Samukonga,Zambia,43.81,"Q,NR"
https://en.wikipedia.org/wiki/Athletics_at_the_2024_Summer_Olympics_–_Men's_400_metres,Semifinal 2,3,6,Christopher Bailey,United States,44.31,"q,PB"
https://en.wikipedia.org/wiki/Athletics_at_the_2024_Summer_Olympics_–_Men's_400_metres,Semifinal 2,4,7,Bayapo Ndori,Botswana,44.43,
https://en.wikipedia.org/wiki/Athletics_at_the_2024_Summer_Olympics_–_Men's_400_metres,Semifinal 2,5,9,Luca Sito,Italy,45.01,
https://en.wikipedia.org/wiki/Athletics_at_the_2024_Summer_Olympics_–_Men's_400_metres,Semifinal 2,6,2,Elián Larregina,Argentina,45.02,
https://en.wikipedia.org/wiki/Athletics_at_the_2024_Summer_Olympics_–_Men's_400_metres,Semifinal 2,7,3,Lythe Pillay,South Africa,45.24,
https://en.wikipedia.org/wiki/Athletics_at_the_2024_Summer_Olympics_–_Men's_400_metres,Semifinal 2,,4,Aruna Darshana,Sri Lanka,DQ,TR17.2.3
https://en.wikipedia.org/wiki/Athletics_at_the_2024_Summer_Olympics_–_Men's_400_metres,Semifinal 3,1,7,Matthew Hudson-Smith,Great Britain,44.07,Q
https://en.wikipedia.org/wiki/Athletics_at_the_2024_Summer_Olympics_–_Men's_400_metres,Semifinal 3,2,6,Michael Norman,United States,44.26,Q
https://en.wikipedia.org/wiki/Athletics_at_the_2024_Summer_Olympics_–_Men's_400_metres,Semifinal 3,3,5,Samuel Ogazi,Nigeria,44.41,"q,PB"
https://en.wikipedia.org/wiki/Athletics_at_the_2024_Summer_Olympics_–_Men's_400_metres,Semifinal 3,4,9,Jevaughn Powell,Jamaica,44.91,
https://en.wikipedia.org/wiki/Athletics_at_the_2024_Summer_Olympics_–_Men's_400_metres,Semifinal 3,5,4,Reece Holder,Australia,44.94,
https://en.wikipedia.org/wiki/Athletics_at_the_2024_Summer_Olympics_–_Men's_400_metres,Semifinal 3,6,3,Zakithi Nene,South Africa,45.06,
https://en.wikipedia.org/wiki/Athletics_at_the_2024_Summer_Olympics_–_Men's_400_metres,Semifinal 3,7,2,Leungo Scotch,Botswana,45.16,
https://en.wikipedia.org/wiki/Athletics_at_the_2024_Summer_Olympics_–_Men's_400_metres,Semifinal 3,8,8,Christopher Morales Williams,Canada,45.25,
https://en.wikipedia.org/wiki/Athletics_at_the_2024_Summer_Olympics_–_Men's_400_metres,Final,,8,Quincy Hall,United States,43.40,"PB,WL"
https://en.wikipedia.org/wiki/Athletics_at_the_2024_Summer_Olympics_–_Men's_400_metres,Final,,6,Matthew Hudson-Smith,Great Britain,43.44,"AR,NR"
https://en.wikipedia.org/wiki/Athletics_at_the_2024_Summer_Olympics_–_Men's_400_metres,Final,,7,Muzala Samukonga,Zambia,43.74,NR
https://en.wikipedia.org/wiki/Athletics_at_the_2024_Summer_Olympics_–_Men's_400_metres,Final,4,9,Jereem Richards,Trinidad and Tobago,43.78,NR
https://en.wikipedia.org/wiki/Athletics_at_the_2024_Summer_Olympics_–_Men's_400_metres,Final,5,5,Kirani James,Grenada,43.87,
https://en.wikipedia.org/wiki/Athletics_at_the_2024_Summer_Olympics_–_Men's_400_metres,Final,6,2,Christopher Bailey,United States,44.58,
https://en.wikipedia.org/wiki/Athletics_at_the_2024_Summer_Olympics_–_Men's_400_metres,Final,7,3,Samuel Ogazi,Nigeria,44.73,
https://en.wikipedia.org/wiki/Athletics_at_the_2024_Summer_Olympics_–_Men's_400_metres,Final,8,4,Michael Norman,United States,45.62,
https://en.wikipedia.org/wiki/Athletics_at_the_2024_Summer_Olympics_–_Women's_400_metres,Heat 1,1,3,Salwa Eid Naser,Bahrain,49.91,Q
https://en.wikipedia.org/wiki/Athletics_at_the_2024_Summer_Olympics_–_Women's_400_metres,Heat 1,2,8,Stacey-Ann Williams,Jamaica,50.16,"Q,SB"
https://en.wikipedia.org/wiki/Athletics_at_the_2024_Summer_Olympics_–_Women's_400_metres,Heat 1,3,4,Andrea Miklós,Romania,50.54,"Q,PB"
https://en.wikipedia.org/wiki/Athletics_at_the_2024_Summer_Olympics_–_Women's_400_metres,Heat 1,4,2,Gabby Scott,Puerto Rico,50.74,NR
https://en.wikipedia.org/wiki/Athletics_at_the_2024_Summer_Olympics_–_Women's_400_metres,Heat 1,5,5,Kendall Ellis,United States,51.16,
https://en.wikipedia.org/wiki/Athletics_at_the_2024_Summer_Olympics_–_Women's_400_metres,Heat 1,6,6,Sophie Becker,Ireland,51.84,
https://en.wikipedia.org/wiki/Athletics_at_the_2024_Summer_Olympics_–_Women's_400_metres,Heat 1,7,9,Tereza Petržilková,Czech Republic,51.92,
https://en.wikipedia.org/wiki/Athletics_at_the_2024_Summer_Olympics_–_Women's_400_metres,Heat 1,8,7,Modesta Justė Morauskaitė,Lithuania,52.00,SB
https://en.wikipedia.org/wiki/Athletics_at_the_2024_Summer_Olympics_–_Women's_400_metres,Heat 2,1,8,Nickisha Pryce,Jamaica,50.02,Q
https://en.wikipedia.org/wiki/Athletics_at_the_2024_Summer_Olympics_–_Women's_400_metres,Heat 2,2,7,Laviai Nielsen,Great Britain,50.36,Q
https://en.wikipedia.org/wiki/Athletics_at_the_2024_Summer_Olympics_–_Women's_400_metres,Heat 2,3,2,Henriette Jæger,Norway,50.39,Q
https://en.wikipedia.org/wiki/Athletics_at_the_2024_Summer_Olympics_–_Women's_400_metres,Heat 2,4,4,Justyna Święty-Ersetic,Poland,50.95,SB
https://en.wikipedia.org/wiki/Athletics_at_the_2024_Summer_Olympics_–_Women's_400_metres,Heat 2,5,6,Ellie Beer,Australia,51.47,PB
https://en.wikipedia.org/wiki/Athletics_at_the_2024_Summer_Olympics_–_Women's_400_metres,Heat 2,6,5,Lina Licona,Colombia,51.85,
https://en.wikipedia.org/wiki/Athletics_at_the_2024_Summer_Olympics_–_Women's_400_metres,Heat 2,7,3,Zoe Sherar,Canada,51.97,
https://en.wikipedia.org/wiki/Athletics_at_the_2024_Summer_Olympics_–_Women's_400_metres,Heat 3,1,8,Amber Anning,Great Britain,49.68,Q
https://en.wikipedia.org/wiki/Athletics_at_the_2024_Summer_Olympics_–_Women's_400_metres,Heat 3,2,2,Lieke Klaver,Netherlands,49.96,Q
https://en.wikipedia.org/wiki/Athletics_at_the_2024_Summer_Olympics_–_Women's_400_metres,Heat 3,3,6,Paola Morán,Mexico,51.04,Q
https://en.wikipedia.org/wiki/Athletics_at_the_2024_Summer_Olympics_–_Women's_400_metres,Heat 3,4,9,Martina Weil,Chile,51.15,
https://en.wikipedia.org/wiki/Athletics_at_the_2024_Summer_Olympics_–_Women's_400_metres,Heat 3,5,7,Alice Mangione,Italy,51.60,
https://en.wikipedia.org/wiki/Athletics_at_the_2024_Summer_Olympics_–_Women's_400_metres,Heat 3,6,3,Ella Onojuvwevwo,Nigeria,51.65,
https://en.wikipedia.org/wiki/Athletics_at_the_2024_Summer_Olympics_–_Women's_400_metres,Heat 3,7,4,Tiffani Marinho,Brazil,52.62,
https://en.wikipedia.org/wiki/Athletics_at_the_2024_Summer_Olympics_–_Women's_400_metres,Heat 3,8,5,Cátia Azevedo,Portugal,52.73,
https://en.wikipedia.org/wiki/Athletics_at_the_2024_Summer_Olympics_–_Women's_400_metres,Heat 4,1,4,Natalia Kaczmarek,Poland,49.98,Q
https://en.wikipedia.org/wiki/Athletics_at_the_2024_Summer_Olympics_–_Women's_400_metres,Heat 4,2,9,Roxana Gómez,Cuba,50.38,"Q,SB"
https://en.wikipedia.org/wiki/Athletics_at_the_2024_Summer_Olympics_–_Women's_400_metres,Heat 4,3,5,Sada Williams,Barbados,50.45,Q
https://en.wikipedia.org/wiki/Athletics_at_the_2024_Summer_Olympics_–_Women's_400_metres,Heat 4,4,6,Victoria Ohuruogu,Great Britain,50.93,
https://en.wikipedia.org/wiki/Athletics_at_the_2024_Summer_Olympics_–_Women's_400_metres,Heat 4,5,3,Gunta Vaičule,Latvia,51.13,
https://en.wikipedia.org/wiki/Athletics_at_the_2024_Summer_Olympics_–_Women's_400_metres,Heat 4,6,2,Helena Ponette,Belgium,51.75,
https://en.wikipedia.org/wiki/Athletics_at_the_2024_Summer_Olympics_–_Women's_400_metres,Heat 4,7,7,Shaunae Miller-Uibo,Bahamas,2:29.29,
https://en.wikipedia.org/wiki/Athletics_at_the_2024_Summer_Olympics_–_Women's_400_metres,Heat 4,,8,Esther Joseph,Nigeria,DQ,TR17.2.3
https://en.wikipedia.org/wiki/Athletics_at_the_2024_Summer_Olympics_–_Women's_400_metres,Heat 5,1,5,Marileidy Paulino,Dominican Republic,49.42,Q
https://en.wikipedia.org/wiki/Athletics_at_the_2024_Summer_Olympics_–_Women's_400_metres,Heat 5,2,7,Aaliyah Butler,United States,50.52,Q
https://en.wikipedia.org/wiki/Athletics_at_the_2024_Summer_Olympics_–_Women's_400_metres,Heat 5,3,6,Susanne Gogl-Walli,Austria,50.67,"Q,PB"
https://en.wikipedia.org/wiki/Athletics_at_the_2024_Summer_Olympics_–_Women's_400_metres,Heat 5,4,8,Sharlene Mawdsley,Ireland,50.71,PB
https://en.wikipedia.org/wiki/Athletics_at_the_2024_Summer_Olympics_–_Women's_400_metres,Heat 5,5,4,Aliyah Abrams,Guyana,51.55,SB
https://en.wikipedia.org/wiki/Athletics_at_the_2024_Summer_Olympics_–_Women's_400_metres,Heat 5,6,9,Lurdes Gloria Manuel,Czech Republic,52.20,
https://en.wikipedia.org/wiki/Athletics_at_the_2024_Summer_Olympics_–_Women's_400_metres,Heat 5,7,2,Kiran Pahal,India,52.51,
https://en.wikipedia.org/wiki/Athletics_at_the_2024_Summer_Olympics_–_Women's_400_metres,Heat 5,8,3,Cynthia Bolingo,Belgium,52.77,SB
https://en.wikipedia.org/wiki/Athletics_at_the_2024_Summer_Olympics_–_Women's_400_metres,Heat 6,1,5,Rhasidat Adeleke,Ireland,50.09,Q
https://en.wikipedia.org/wiki/Athletics_at_the_2024_Summer_Olympics_–_Women's_400_metres,Heat 6,2,7,Alexis Holmes,United States,50.35,Q
https://en.wikipedia.org/wiki/Athletics_at_the_2024_Summer_Olympics_–_Women's_400_metres,Heat 6,3,8,Junelle Bromfield,Jamaica,51.36,Q
https://en.wikipedia.org/wiki/Athletics_at_the_2024_Summer_Olympics_–_Women's_400_metres,Heat 6,4,2,Miranda Coetzee,South Africa,51.58,
https://en.wikipedia.org/wiki/Athletics_at_the_2024_Summer_Olympics_–_Women's_400_metres,Heat 6,5,6,Lada Vondrová,Czech Republic,51.80,
https://en.wikipedia.org/wiki/Athletics_at_the_2024_Summer_Olympics_–_Women's_400_metres,Heat 6,6,3,Lauren Gale,Canada,53.13,
https://en.wikipedia.org/wiki/Athletics_at_the_2024_Summer_Olympics_–_Women's_400_metres,Heat 6,7,4,Evelis Aguilar,Colombia,53.36,
https://en.wikipedia.org/wiki/Athletics_at_the_2024_Summer_Olympics_–_Women's_400_metres,Heat 6,,9,Nicole Caicedo,Ecuador,DQ,TR16.8
https://en.wikipedia.org/wiki/Athletics_at_the_2024_Summer_Olympics_–_Women's_400_metres,Semi-final 1,1,7,Salwa Eid Naser,Bahrain,49.08,"Q,SB"
https://en.wikipedia.org/wiki/Athletics_at_the_2024_Summer_Olympics_–_Women's_400_metres,Semi-final 1,2,8,Rhasidat Adeleke,Ireland,49.95,Q
https://en.wikipedia.org/wiki/Athletics_at_the_2024_Summer_Olympics_–_Women's_400_metres,Semi-final 1,3,4,Henriette Jæger,Norway,50.17,q
https://en.wikipedia.org/wiki/Athletics_at_the_2024_Summer_Olympics_–_Women's_400_metres,Semi-final 1,4,6,Lieke Klaver,Netherlands,50.44,
https://en.wikipedia.org/wiki/Athletics_at_the_2024_Summer_Olympics_–_Women's_400_metres,Semi-final 1,5,3,Victoria Ohuruogu,Great Britain,51.14,
https://en.wikipedia.org/wiki/Athletics_at_the_2024_Summer_Olympics_–_Women's_400_metres,Semi-final 1,6,5,Aaliyah Butler,United States,51.18,
https://en.wikipedia.org/wiki/Athletics_at_the_2024_Summer_Olympics_–_Women's_400_metres,Semi-final 1,7,2,Gabby Scott,Puerto Rico,51.22,
https://en.wikipedia.org/wiki/Athletics_at_the_2024_Summer_Olympics_–_Women's_400_metres,Semi-final 1,8,9,Junelle Bromfield,Jamaica,51.93,
https://en.wikipedia.org/wiki/Athletics_at_the_2024_Summer_Olympics_–_Women's_400_metres,Semi-final 2,1,6,Marileidy Paulino,Dominican Republic,49.21,Q
https://en.wikipedia.org/wiki/Athletics_at_the_2024_Summer_Olympics_–_Women's_400_metres,Semi-final 2,2,5,Alexis Holmes,United States,50.00,Q
https://en.wikipedia.org/wiki/Athletics_at_the_2024_Summer_Olympics_–_Women's_400_metres,Semi-final 2,3,7,Laviai Nielsen,Great Britain,50.69,
https://en.wikipedia.org/wiki/Athletics_at_the_2024_Summer_Olympics_–_Women's_400_metres,Semi-final 2,4,8,Nickisha Pryce,Jamaica,50.77,
https://en.wikipedia.org/wiki/Athletics_at_the_2024_Summer_Olympics_–_Women's_400_metres,Semi-final 2,5,9,Andrea Miklós,Romania,50.78,
https://en.wikipedia.org/wiki/Athletics_at_the_2024_Summer_Olympics_–_Women's_400_metres,Semi-final 2,6,3,Ella Onojuvwevwo,Nigeria,51.05,
https://en.wikipedia.org/wiki/Athletics_at_the_2024_Summer_Olympics_–_Women's_400_metres,Semi-final 2,7,4,Susanne Gogl-Walli,Austria,51.17,
https://en.wikipedia.org/wiki/Athletics_at_the_2024_Summer_Olympics_–_Women's_400_metres,Semi-final 2,8,2,Lurdes Gloria Manuel,Czech Republic,51.42,
https://en.wikipedia.org/wiki/Athletics_at_the_2024_Summer_Olympics_–_Women's_400_metres,Semi-final 3,1,7,Natalia Kaczmarek,Poland,49.45,Q
https://en.wikipedia.org/wiki/Athletics_at_the_2024_Summer_Olympics_–_Women's_400_metres,Semi-final 3,2,6,Amber Anning,Great Britain,49.47,"Q,PB"
https://en.wikipedia.org/wiki/Athletics_at_the_2024_Summer_Olympics_–_Women's_400_metres,Semi-final 3,3,4,Sada Williams,Barbados,49.89,q
https://en.wikipedia.org/wiki/Athletics_at_the_2024_Summer_Olympics_–_Women's_400_metres,Semi-final 3,4,2,Kendall Ellis,United States,50.40,
https://en.wikipedia.org/wiki/Athletics_at_the_2024_Summer_Olympics_–_Women's_400_metres,Semi-final 3,5,5,Roxana Gómez,Cuba,50.48,
https://en.wikipedia.org/wiki/Athletics_at_the_2024_Summer_Olympics_–_Women's_400_metres,Semi-final 3,6,9,Paola Morán,Mexico,50.73,
https://en.wikipedia.org/wiki/Athletics_at_the_2024_Summer_Olympics_–_Women's_400_metres,Semi-final 3,7,8,Stacey-Ann Williams,Jamaica,50.79,
https://en.wikipedia.org/wiki/Athletics_at_the_2024_Summer_Olympics_–_Women's_400_metres,Semi-final 3,8,3,Miranda Coetzee,South Africa,51.60,
https://en.wikipedia.org/wiki/Athletics_at_the_2024_Summer_Olympics_–_Women's_400_metres,Final,,6,Marileidy Paulino,Dominican Republic,48.17,"OR,AR"
https://en.wikipedia.org/wiki/Athletics_at_the_2024_Summer_Olympics_–_Women's_400_metres,Final,,8,Salwa Eid Naser,Bahrain,48.53,SB
https://en.wikipedia.org/wiki/Athletics_at_the_2024_Summer_Olympics_–_Women's_400_metres,Final,,7,Natalia Kaczmarek,Poland,48.98,
https://en.wikipedia.org/wiki/Athletics_at_the_2024_Summer_Olympics_–_Women's_400_metres,Final,4,4,Rhasidat Adeleke,Ireland,49.28,
https://en.wikipedia.org/wiki/Athletics_at_the_2024_Summer_Olympics_–_Women's_400_metres,Final,5,5,Amber Anning,Great Britain,49.29,NR
https://en.wikipedia.org/wiki/Athletics_at_the_2024_Summer_Olympics_–_Women's_400_metres,Final,6,9,Alexis Holmes,United States,49.77,PB
https://en.wikipedia.org/wiki/Athletics_at_the_2024_Summer_Olympics_–_Women's_400_metres,Final,7,2,Sada Williams,Barbados,49.83,
https://en.wikipedia.org/wiki/Athletics_at_the_2024_Summer_Olympics_–_Women's_400_metres,Final,8,3,Henriette Jæger,Norway,49.96,
https://en.wikipedia.org/wiki/Athletics_at_the_2024_Summer_Olympics_–_Men's_800_metres,Heat 1,1,,Eliott Crestan,Belgium,1:45.51,Q
https://en.wikipedia.org/wiki/Athletics_at_the_2024_Summer_Olympics_–_Men's_800_metres,Heat 1,2,,Marco Arop,Canada,1:45.74,Q
https://en.wikipedia.org/wiki/Athletics_at_the_2024_Summer_Olympics_–_Men's_800_metres,Heat 1,3,,Peyton Craig,Australia,1:45.81,Q
https://en.wikipedia.org/wiki/Athletics_at_the_2024_Summer_Olympics_–_Men's_800_metres,Heat 1,4,,Handal Roban,Saint Vincent and the Grenadines,1:46.00,
https://en.wikipedia.org/wiki/Athletics_at_the_2024_Summer_Olympics_–_Men's_800_metres,Heat 1,5,,Abdelati El Guesse,Morocco,1:46.91,
https://en.wikipedia.org/wiki/Athletics_at_the_2024_Summer_Olympics_–_Men's_800_metres,Heat 1,6,,Tumo Nkape,Botswana,1:46.99,
https://en.wikipedia.org/wiki/Athletics_at_the_2024_Summer_Olympics_–_Men's_800_metres,Heat 1,7,,Abubaker Haydar Abdalla,Qatar,1:48.42,
https://en.wikipedia.org/wiki/Athletics_at_the_2024_Summer_Olympics_–_Men's_800_metres,Heat 1,8,,James Preston,New Zealand,1:48.50,
https://en.wikipedia.org/wiki/Athletics_at_the_2024_Summer_Olympics_–_Men's_800_metres,Heat 1,9,,Abraham Guem,South Sudan,1:48.74,PB
https://en.wikipedia.org/wiki/Athletics_at_the_2024_Summer_Olympics_–_Men's_800_metres,Heat 2,1,,Gabriel Tual,France,1:45.13,Q
https://en.wikipedia.org/wiki/Athletics_at_the_2024_Summer_Olympics_–_Men's_800_metres,Heat 2,2,,Mark English,Ireland,1:45.15,Q
https://en.wikipedia.org/wiki/Athletics_at_the_2024_Summer_Olympics_–_Men's_800_metres,Heat 2,3,,Tshepiso Masalela,Botswana,1:45.58,Q
https://en.wikipedia.org/wiki/Athletics_at_the_2024_Summer_Olympics_–_Men's_800_metres,Heat 2,4,,Jakub Dudycha,Czech Republic,1:45.62,
https://en.wikipedia.org/wiki/Athletics_at_the_2024_Summer_Olympics_–_Men's_800_metres,Heat 2,5,,Koitatoi Kidali,Kenya,1:45.84,
https://en.wikipedia.org/wiki/Athletics_at_the_2024_Summer_Olympics_–_Men's_800_metres,Heat 2,6,,Edose Ibadin,Nigeria,1:46.56,
https://en.wikipedia.org/wiki/Athletics_at_the_2024_Summer_Olympics_–_Men's_800_metres,Heat 2,7,,Mohamed Ali Gouaned,Algeria,1:47.34,
https://en.wikipedia.org/wiki/Athletics_at_the_2024_Summer_Olympics_–_Men's_800_metres,Heat 2,8,,Ali Idow Hassan,Somalia,1:48.72,
https://en.wikipedia.org/wiki/Athletics_at_the_2024_Summer_Olympics_–_Men's_800_metres,Heat 2,9,,Mohammed Dwedar,Palestine,1:54.83,
https://en.wikipedia.org/wiki/Athletics_at_the_2024_Summer_Olympics_–_Men's_800_metres,Heat 3,1,,Emmanuel Wanyonyi,Kenya,1:44.64,Q
https://en.wikipedia.org/wiki/Athletics_at_the_2024_Summer_Olympics_–_Men's_800_metres,Heat 3,2,,Catalin Tecuceanu,Italy,1:44.80,Q
https://en.wikipedia.org/wiki/Athletics_at_the_2024_Summer_Olympics_–_Men's_800_metres,Heat 3,3,,Andreas Kramer,Sweden,1:44.93,Q
https://en.wikipedia.org/wiki/Athletics_at_the_2024_Summer_Olympics_–_Men's_800_metres,Heat 3,4,,Adrián Ben,Spain,1:45.03,
https://en.wikipedia.org/wiki/Athletics_at_the_2024_Summer_Olympics_–_Men's_800_metres,Heat 3,5,,Ryan Clarke,Netherlands,1:45.56,
https://en.wikipedia.org/wiki/Athletics_at_the_2024_Summer_Olympics_–_Men's_800_metres,Heat 3,6,,Joseph Deng,Australia,1:45.87,
https://en.wikipedia.org/wiki/Athletics_at_the_2024_Summer_Olympics_–_Men's_800_metres,Heat 3,7,,Tibo De Smet,Belgium,1:46.03,
https://en.wikipedia.org/wiki/Athletics_at_the_2024_Summer_Olympics_–_Men's_800_metres,Heat 3,8,,Brandon Miller,United States,1:46.34,
https://en.wikipedia.org/wiki/Athletics_at_the_2024_Summer_Olympics_–_Men's_800_metres,Heat 3,9,,Yervand Mkrtchyan,Armenia,1:49.91,NR
https://en.wikipedia.org/wiki/Athletics_at_the_2024_Summer_Olympics_–_Men's_800_metres,Heat 4,1,,Djamel Sedjati,Algeria,1:45.84,Q
https://en.wikipedia.org/wiki/Athletics_at_the_2024_Summer_Olympics_–_Men's_800_metres,Heat 4,2,,Elliot Giles,Great Britain,1:45.93,Q
https://en.wikipedia.org/wiki/Athletics_at_the_2024_Summer_Olympics_–_Men's_800_metres,Heat 4,3,,Hobbs Kessler,United States,1:46.15,Q
https://en.wikipedia.org/wiki/Athletics_at_the_2024_Summer_Olympics_–_Men's_800_metres,Heat 4,4,,Simone Barontini,Italy,1:46.33,
https://en.wikipedia.org/wiki/Athletics_at_the_2024_Summer_Olympics_–_Men's_800_metres,Heat 4,5,,Elvin Josué Canales,Spain,1:46.48,
https://en.wikipedia.org/wiki/Athletics_at_the_2024_Summer_Olympics_–_Men's_800_metres,Heat 4,6,,Pieter Sisk,Belgium,1:46.60,
https://en.wikipedia.org/wiki/Athletics_at_the_2024_Summer_Olympics_–_Men's_800_metres,Heat 4,7,,Peter Bol,Australia,1:47.50,
https://en.wikipedia.org/wiki/Athletics_at_the_2024_Summer_Olympics_–_Men's_800_metres,Heat 4,8,,Dennick Luke,Dominica,1:47.54,
https://en.wikipedia.org/wiki/Athletics_at_the_2024_Summer_Olympics_–_Men's_800_metres,Heat 4,9,,Musa Suliman,Refugee Olympic Team,1:49.61,
https://en.wikipedia.org/wiki/Athletics_at_the_2024_Summer_Olympics_–_Men's_800_metres,Heat 5,1,,Ben Pattison,Great Britain,1:45.56,Q
https://en.wikipedia.org/wiki/Athletics_at_the_2024_Summer_Olympics_–_Men's_800_metres,Heat 5,2,,Edmund Du Plessis,South Africa,1:45.73,Q
https://en.wikipedia.org/wiki/Athletics_at_the_2024_Summer_Olympics_–_Men's_800_metres,Heat 5,3,,Wyclife Kinyamal,Kenya,1:45.86,Q
https://en.wikipedia.org/wiki/Athletics_at_the_2024_Summer_Olympics_–_Men's_800_metres,Heat 5,4,,Benjamin Robert,France,1:45.92,
https://en.wikipedia.org/wiki/Athletics_at_the_2024_Summer_Olympics_–_Men's_800_metres,Heat 5,5,,Navasky Anderson,Jamaica,1:46.82,
https://en.wikipedia.org/wiki/Athletics_at_the_2024_Summer_Olympics_–_Men's_800_metres,Heat 5,6,,Tobias Grønstad,Norway,1:46.85,
https://en.wikipedia.org/wiki/Athletics_at_the_2024_Summer_Olympics_–_Men's_800_metres,Heat 5,7,,Mateusz Borkowski,Poland,1:47.50,
https://en.wikipedia.org/wiki/Athletics_at_the_2024_Summer_Olympics_–_Men's_800_metres,Heat 5,8,,José Antonio Maita,Venezuela,1:48.02,
https://en.wikipedia.org/wiki/Athletics_at_the_2024_Summer_Olympics_–_Men's_800_metres,Heat 5,9,,Chhun Bunthorn,Cambodia,1:53.31,
https://en.wikipedia.org/wiki/Athletics_at_the_2024_Summer_Olympics_–_Men's_800_metres,Heat 6,1,,Mohamed Attaoui,Spain,1.44.81,Q
https://en.wikipedia.org/wiki/Athletics_at_the_2024_Summer_Olympics_–_Men's_800_metres,Heat 6,2,,Bryce Hoppel,United States,1:45.24,Q
https://en.wikipedia.org/wiki/Athletics_at_the_2024_Summer_Olympics_–_Men's_800_metres,Heat 6,3,,Max Burgin,Great Britain,1:45.36,Q
https://en.wikipedia.org/wiki/Athletics_at_the_2024_Summer_Olympics_–_Men's_800_metres,Heat 6,4,,Corentin Le Clezio,France,1:45.42,
https://en.wikipedia.org/wiki/Athletics_at_the_2024_Summer_Olympics_–_Men's_800_metres,Heat 6,5,,Jesús Tonatiú López,Mexico,1:45.82,
https://en.wikipedia.org/wiki/Athletics_at_the_2024_Summer_Olympics_–_Men's_800_metres,Heat 6,6,,Tom Dradriga,Uganda,1:46.05,
https://en.wikipedia.org/wiki/Athletics_at_the_2024_Summer_Olympics_–_Men's_800_metres,Heat 6,7,,Kethobogile Haingura,Botswana,1:46.46,
https://en.wikipedia.org/wiki/Athletics_at_the_2024_Summer_Olympics_–_Men's_800_metres,Heat 6,8,,Slimane Moula,Algeria,1:46.71,
https://en.wikipedia.org/wiki/Athletics_at_the_2024_Summer_Olympics_–_Men's_800_metres,Heat 1,1,,Kethobogile Haingura,Botswana,1:45.52,Q
https://en.wikipedia.org/wiki/Athletics_at_the_2024_Summer_Olympics_–_Men's_800_metres,Heat 1,2,,Slimane Moula,Algeria,1:45.67,
https://en.wikipedia.org/wiki/Athletics_at_the_2024_Summer_Olympics_–_Men's_800_metres,Heat 1,3,,Corentin Le Clezio,France,1:45.72,
https://en.wikipedia.org/wiki/Athletics_at_the_2024_Summer_Olympics_–_Men's_800_metres,Heat 1,4,,Peter Bol,Australia,1:46.12,
https://en.wikipedia.org/wiki/Athletics_at_the_2024_Summer_Olympics_–_Men's_800_metres,Heat 1,5,,Tom Dradriga,Uganda,1:46.15,
https://en.wikipedia.org/wiki/Athletics_at_the_2024_Summer_Olympics_–_Men's_800_metres,Heat 1,6,,Dennick Luke,Dominica,1:46.81,NR
https://en.wikipedia.org/wiki/Athletics_at_the_2024_Summer_Olympics_–_Men's_800_metres,Heat 1,7,,Edose Ibadin,Nigeria,1:49.09,
https://en.wikipedia.org/wiki/Athletics_at_the_2024_Summer_Olympics_–_Men's_800_metres,Heat 1,8,,Chhun Bunthorn,Cambodia,1:53.42,
https://en.wikipedia.org/wiki/Athletics_at_the_2024_Summer_Olympics_–_Men's_800_metres,Heat 1,,,Abdelati El Guesse,Morocco,DNS,
https://en.wikipedia.org/wiki/Athletics_at_the_2024_Summer_Olympics_–_Men's_800_metres,Heat 2,1,,Jesús Tonatiú López,Mexico,1:45.13,Q
https://en.wikipedia.org/wiki/Athletics_at_the_2024_Summer_Olympics_–_Men's_800_metres,Heat 2,2,,Adrián Ben,Spain,1:45.37,
https://en.wikipedia.org/wiki/Athletics_at_the_2024_Summer_Olympics_–_Men's_800_metres,Heat 2,3,,Pieter Sisk,Belgium,1:45.49,
https://en.wikipedia.org/wiki/Athletics_at_the_2024_Summer_Olympics_–_Men's_800_metres,Heat 2,4,,Handal Roban,Saint Vincent and the Grenadines,1:45.80,
https://en.wikipedia.org/wiki/Athletics_at_the_2024_Summer_Olympics_–_Men's_800_metres,Heat 2,5,,Navasky Anderson,Jamaica,1:46.01,
https://en.wikipedia.org/wiki/Athletics_at_the_2024_Summer_Olympics_–_Men's_800_metres,Heat 2,6,,Koitatoi Kidali,Kenya,1:46.37,
https://en.wikipedia.org/wiki/Athletics_at_the_2024_Summer_Olympics_–_Men's_800_metres,Heat 2,7,,Jakub Dudycha,Czech Republic,1:49.94,
https://en.wikipedia.org/wiki/Athletics_at_the_2024_Summer_Olympics_–_Men's_800_metres,Heat 2,8,,Yervand Mkrtchyan,Armenia,1:50.07,
https://en.wikipedia.org/wiki/Athletics_at_the_2024_Summer_Olympics_–_Men's_800_metres,Heat 2,9,,Musa Suliman,Refugee Olympic Team,1:50.11,
https://en.wikipedia.org/wiki/Athletics_at_the_2024_Summer_Olympics_–_Men's_800_metres,Heat 3,1,,Simone Barontini,Italy,1:45.56,Q
https://en.wikipedia.org/wiki/Athletics_at_the_2024_Summer_Olympics_–_Men's_800_metres,Heat 3,2,,Benjamin Robert,France,1:45.83,
https://en.wikipedia.org/wiki/Athletics_at_the_2024_Summer_Olympics_–_Men's_800_metres,Heat 3,3,,José Antonio Maita,Venezuela,1:46.44,
https://en.wikipedia.org/wiki/Athletics_at_the_2024_Summer_Olympics_–_Men's_800_metres,Heat 3,4,,Tibo De Smet,Belgium,1:46.59,
https://en.wikipedia.org/wiki/Athletics_at_the_2024_Summer_Olympics_–_Men's_800_metres,Heat 3,5,,Joseph Deng,Australia,1:48.58,
https://en.wikipedia.org/wiki/Athletics_at_the_2024_Summer_Olympics_–_Men's_800_metres,Heat 3,6,,James Preston,New Zealand,1:50.53,
https://en.wikipedia.org/wiki/Athletics_at_the_2024_Summer_Olympics_–_Men's_800_metres,Heat 3,,,Abubaker Haydar Abdalla,Qatar,DNS,
https://en.wikipedia.org/wiki/Athletics_at_the_2024_Summer_Olympics_–_Men's_800_metres,Heat 3,,,Ali Idow Hassan,Somalia,DNS,
https://en.wikipedia.org/wiki/Athletics_at_the_2024_Summer_Olympics_–_Men's_800_metres,Heat 4,1,,Brandon Miller,United States,1:44.21,Q
https://en.wikipedia.org/wiki/Athletics_at_the_2024_Summer_Olympics_–_Men's_800_metres,Heat 4,2,,Mohamed Ali Gouaned,Algeria,1:44.37,"q, =PB"
https://en.wikipedia.org/wiki/Athletics_at_the_2024_Summer_Olympics_–_Men's_800_metres,Heat 4,3,,Tobias Grønstad,Norway,1:44.57,"q,PB"
https://en.wikipedia.org/wiki/Athletics_at_the_2024_Summer_Olympics_–_Men's_800_metres,Heat 4,4,,Elvin Josué Canales,Spain,1:44.65,
https://en.wikipedia.org/wiki/Athletics_at_the_2024_Summer_Olympics_–_Men's_800_metres,Heat 4,5,,Ryan Clarke,Netherlands,1:44.70,PB
https://en.wikipedia.org/wiki/Athletics_at_the_2024_Summer_Olympics_–_Men's_800_metres,Heat 4,6,,Mateusz Borkowski,Poland,1:45.27,PB
https://en.wikipedia.org/wiki/Athletics_at_the_2024_Summer_Olympics_–_Men's_800_metres,Heat 4,7,,Tumo Nkape,Botswana,1:45.57,
https://en.wikipedia.org/wiki/Athletics_at_the_2024_Summer_Olympics_–_Men's_800_metres,Heat 4,8,,Abraham Guem,South Sudan,1:49.45,
https://en.wikipedia.org/wiki/Athletics_at_the_2024_Summer_Olympics_–_Men's_800_metres,Heat 4,9,,Mohammed Dwedar,Palestine,1:54.83,
https://en.wikipedia.org/wiki/Athletics_at_the_2024_Summer_Olympics_–_Men's_800_metres,Semifinal 1,1,,Djamel Sedjati,Algeria,1:45.08,Q
https://en.wikipedia.org/wiki/Athletics_at_the_2024_Summer_Olympics_–_Men's_800_metres,Semifinal 1,2,,Tshepiso Masalela,Botswana,1:45.33,Q
https://en.wikipedia.org/wiki/Athletics_at_the_2024_Summer_Olympics_–_Men's_800_metres,Semifinal 1,3,,Catalin Tecuceanu,Italy,1:45.38,
https://en.wikipedia.org/wiki/Athletics_at_the_2024_Summer_Olympics_–_Men's_800_metres,Semifinal 1,4,,Ben Pattison,Great Britain,1:45.57,SB
https://en.wikipedia.org/wiki/Athletics_at_the_2024_Summer_Olympics_–_Men's_800_metres,Semifinal 1,5,,Brandon Miller,United States,1:45.79,
https://en.wikipedia.org/wiki/Athletics_at_the_2024_Summer_Olympics_–_Men's_800_metres,Semifinal 1,6,,Mark English,Ireland,1:45.97,
https://en.wikipedia.org/wiki/Athletics_at_the_2024_Summer_Olympics_–_Men's_800_metres,Semifinal 1,7,,Andreas Kramer,Sweden,1:46.73,
https://en.wikipedia.org/wiki/Athletics_at_the_2024_Summer_Olympics_–_Men's_800_metres,Semifinal 1,8,,Jesús Tonatiú López,Mexico,1:50.38,
https://en.wikipedia.org/wiki/Athletics_at_the_2024_Summer_Olympics_–_Men's_800_metres,Semifinal 2,1,,Marco Arop,Canada,1:45.05,Q
https://en.wikipedia.org/wiki/Athletics_at_the_2024_Summer_Olympics_–_Men's_800_metres,Semifinal 2,2,,Gabriel Tual,France,1:45.16,Q
https://en.wikipedia.org/wiki/Athletics_at_the_2024_Summer_Olympics_–_Men's_800_metres,Semifinal 2,3,,Wyclife Kinyamal,Kenya,1:45.29,
https://en.wikipedia.org/wiki/Athletics_at_the_2024_Summer_Olympics_–_Men's_800_metres,Semifinal 2,4,,Edmund du Plessis,South Africa,1:45.34,
https://en.wikipedia.org/wiki/Athletics_at_the_2024_Summer_Olympics_–_Men's_800_metres,Semifinal 2,5,,Elliot Giles,Great Britain,1:45.46,
https://en.wikipedia.org/wiki/Athletics_at_the_2024_Summer_Olympics_–_Men's_800_metres,Semifinal 2,6,,Hobbs Kessler,United States,1:46.20,
https://en.wikipedia.org/wiki/Athletics_at_the_2024_Summer_Olympics_–_Men's_800_metres,Semifinal 2,7,,Tobias Grønstad,Norway,1:46.37,
https://en.wikipedia.org/wiki/Athletics_at_the_2024_Summer_Olympics_–_Men's_800_metres,Semifinal 2,8,,Mohamed Ali Gouaned,Algeria,1:46.52,
https://en.wikipedia.org/wiki/Athletics_at_the_2024_Summer_Olympics_–_Men's_800_metres,Semifinal 3,1,,Emmanuel Wanyonyi,Kenya,1:43.32,Q
https://en.wikipedia.org/wiki/Athletics_at_the_2024_Summer_Olympics_–_Men's_800_metres,Semifinal 3,2,,Bryce Hoppel,United States,1:43.41,Q
https://en.wikipedia.org/wiki/Athletics_at_the_2024_Summer_Olympics_–_Men's_800_metres,Semifinal 3,3,,Max Burgin,Great Britain,1:43.50,"q,PB"
https://en.wikipedia.org/wiki/Athletics_at_the_2024_Summer_Olympics_–_Men's_800_metres,Semifinal 3,4,,Mohamed Attaoui,Spain,1:43.69,q
https://en.wikipedia.org/wiki/Athletics_at_the_2024_Summer_Olympics_–_Men's_800_metres,Semifinal 3,5,,Eliott Crestan,Belgium,1:43.72,
https://en.wikipedia.org/wiki/Athletics_at_the_2024_Summer_Olympics_–_Men's_800_metres,Semifinal 3,6,,Peyton Craig,Australia,1:44.11,AU20R
https://en.wikipedia.org/wiki/Athletics_at_the_2024_Summer_Olympics_–_Men's_800_metres,Semifinal 3,7,,Kethobogile Haingura,Botswana,1:44.95,
https://en.wikipedia.org/wiki/Athletics_at_the_2024_Summer_Olympics_–_Men's_800_metres,Semifinal 3,8,,Simone Barontini,Italy,1:46.17,
https://en.wikipedia.org/wiki/Athletics_at_the_2024_Summer_Olympics_–_Men's_800_metres,Final,,,Emmanuel Wanyonyi,Kenya,1:41.19,PB
https://en.wikipedia.org/wiki/Athletics_at_the_2024_Summer_Olympics_–_Men's_800_metres,Final,,,Marco Arop,Canada,1:41.20,AR
https://en.wikipedia.org/wiki/Athletics_at_the_2024_Summer_Olympics_–_Men's_800_metres,Final,,,Djamel Sedjati,Algeria,1:41.50,
https://en.wikipedia.org/wiki/Athletics_at_the_2024_Summer_Olympics_–_Men's_800_metres,Final,4,,Bryce Hoppel,United States,1:41.67,NR
https://en.wikipedia.org/wiki/Athletics_at_the_2024_Summer_Olympics_–_Men's_800_metres,Final,5,,Mohamed Attaoui,Spain,1:42.08,
https://en.wikipedia.org/wiki/Athletics_at_the_2024_Summer_Olympics_–_Men's_800_metres,Final,6,,Gabriel Tual,France,1:42.14,
https://en.wikipedia.org/wiki/Athletics_at_the_2024_Summer_Olympics_–_Men's_800_metres,Final,7,,Tshepiso Masalela,Botswana,1:42.82,PB
https://en.wikipedia.org/wiki/Athletics_at_the_2024_Summer_Olympics_–_Men's_800_metres,Final,8,,Max Burgin,Great Britain,1:43.84,
https://en.wikipedia.org/wiki/Athletics_at_the_2024_Summer_Olympics_–_Women's_800_metres,Heat 1,1,,Jemma Reekie,Great Britain,2:00.00,Q
https://en.wikipedia.org/wiki/Athletics_at_the_2024_Summer_Olympics_–_Women's_800_metres,Heat 1,2,,Gabriela Gajanová,Slovakia,2:00.29,Q
https://en.wikipedia.org/wiki/Athletics_at_the_2024_Summer_Olympics_–_Women's_800_metres,Heat 1,3,,Juliette Whittaker,United States,2:00.45,Q
https://en.wikipedia.org/wiki/Athletics_at_the_2024_Summer_Olympics_–_Women's_800_metres,Heat 1,4,,Valentina Rosamilia,Switzerland,2:00.45,
https://en.wikipedia.org/wiki/Athletics_at_the_2024_Summer_Olympics_–_Women's_800_metres,Heat 1,5,,Jazz Shukla,Canada,2:00.80,
https://en.wikipedia.org/wiki/Athletics_at_the_2024_Summer_Olympics_–_Women's_800_metres,Heat 1,6,,Léna Kandissounon,France,2:00.97,
https://en.wikipedia.org/wiki/Athletics_at_the_2024_Summer_Olympics_–_Women's_800_metres,Heat 1,7,,Habitam Alemu,Ethiopia,2:02.19,
https://en.wikipedia.org/wiki/Athletics_at_the_2024_Summer_Olympics_–_Women's_800_metres,Heat 1,8,,Amal Al Roumi,Kuwait,2:11.35,
https://en.wikipedia.org/wiki/Athletics_at_the_2024_Summer_Olympics_–_Women's_800_metres,Heat 1,9,,Layla Almasri,Palestine,2:12.21,NR
https://en.wikipedia.org/wiki/Athletics_at_the_2024_Summer_Olympics_–_Women's_800_metres,Heat 2,1,,Daily Cooper Gaspar,Cuba,1:58.88,Q
https://en.wikipedia.org/wiki/Athletics_at_the_2024_Summer_Olympics_–_Women's_800_metres,Heat 2,2,,Prudence Sekgodiso,South Africa,1:59.84,Q
https://en.wikipedia.org/wiki/Athletics_at_the_2024_Summer_Olympics_–_Women's_800_metres,Heat 2,3,,Rachel Pellaud,Switzerland,2:00.07,Q
https://en.wikipedia.org/wiki/Athletics_at_the_2024_Summer_Olympics_–_Women's_800_metres,Heat 2,4,,Halimah Nakaayi,Uganda,2:00.51,
https://en.wikipedia.org/wiki/Athletics_at_the_2024_Summer_Olympics_–_Women's_800_metres,Heat 2,5,,Nelly Jepkosgei,Bahrain,2:00.63,
https://en.wikipedia.org/wiki/Athletics_at_the_2024_Summer_Olympics_–_Women's_800_metres,Heat 2,6,,Flávia de Lima,Brazil,2:00.73,SB
https://en.wikipedia.org/wiki/Athletics_at_the_2024_Summer_Olympics_–_Women's_800_metres,Heat 2,7,,Lorena Martín,Spain,2:02.52,
https://en.wikipedia.org/wiki/Athletics_at_the_2024_Summer_Olympics_–_Women's_800_metres,Heat 2,8,,Anna Wielgosz,Poland,2:02.54,
https://en.wikipedia.org/wiki/Athletics_at_the_2024_Summer_Olympics_–_Women's_800_metres,Heat 3,1,,Worknesh Mesele,Ethiopia,1:58.07,"Q,PB"
https://en.wikipedia.org/wiki/Athletics_at_the_2024_Summer_Olympics_–_Women's_800_metres,Heat 3,2,,Rénelle Lamote,France,1:58.59,Q
https://en.wikipedia.org/wiki/Athletics_at_the_2024_Summer_Olympics_–_Women's_800_metres,Heat 3,3,,Phoebe Gill,Great Britain,1:58.83,Q
https://en.wikipedia.org/wiki/Athletics_at_the_2024_Summer_Olympics_–_Women's_800_metres,Heat 3,4,,Eloisa Coiro,Italy,1:59.19,PB
https://en.wikipedia.org/wiki/Athletics_at_the_2024_Summer_Olympics_–_Women's_800_metres,Heat 3,5,,Vivian Chebet Kiprotich,Kenya,1:59.90,
https://en.wikipedia.org/wiki/Athletics_at_the_2024_Summer_Olympics_–_Women's_800_metres,Heat 3,6,,Rose Mary Almanza,Cuba,2:00.36,
https://en.wikipedia.org/wiki/Athletics_at_the_2024_Summer_Olympics_–_Women's_800_metres,Heat 3,7,,Anita Horvat,Slovenia,2:00.91,
https://en.wikipedia.org/wiki/Athletics_at_the_2024_Summer_Olympics_–_Women's_800_metres,Heat 3,,,Assia Raziki,Morocco,DQ,TR17.1.2
https://en.wikipedia.org/wiki/Athletics_at_the_2024_Summer_Olympics_–_Women's_800_metres,Heat 4,1,,Keely Hodgkinson,Great Britain,1:59.31,Q
https://en.wikipedia.org/wiki/Athletics_at_the_2024_Summer_Olympics_–_Women's_800_metres,Heat 4,2,,Nia Akins,United States,1:59.67,Q
https://en.wikipedia.org/wiki/Athletics_at_the_2024_Summer_Olympics_–_Women's_800_metres,Heat 4,3,,Noélie Yarigo,Benin,1:59.68,Q
https://en.wikipedia.org/wiki/Athletics_at_the_2024_Summer_Olympics_–_Women's_800_metres,Heat 4,4,,Eveliina Määttänen,Finland,2:00.02,
https://en.wikipedia.org/wiki/Athletics_at_the_2024_Summer_Olympics_–_Women's_800_metres,Heat 4,5,,Majtie Kolberg,Germany,2:00.55,
https://en.wikipedia.org/wiki/Athletics_at_the_2024_Summer_Olympics_–_Women's_800_metres,Heat 4,6,,Oratile Nowe,Botswana,2:01.00,
https://en.wikipedia.org/wiki/Athletics_at_the_2024_Summer_Olympics_–_Women's_800_metres,Heat 4,7,,Catriona Bisset,Australia,2:01.60,
https://en.wikipedia.org/wiki/Athletics_at_the_2024_Summer_Olympics_–_Women's_800_metres,Heat 4,8,,Adelle Tracey,Jamaica,2:03.47,SB
https://en.wikipedia.org/wiki/Athletics_at_the_2024_Summer_Olympics_–_Women's_800_metres,Heat 4,9,,Perina Lokure Nakang,Refugee Olympic Team,2:08.20,PB
https://en.wikipedia.org/wiki/Athletics_at_the_2024_Summer_Olympics_–_Women's_800_metres,Heat 5,1,,Tsige Duguma,Ethiopia,1:57.90,Q
https://en.wikipedia.org/wiki/Athletics_at_the_2024_Summer_Olympics_–_Women's_800_metres,Heat 5,2,,Mary Moraa,Kenya,1:57.95,Q
https://en.wikipedia.org/wiki/Athletics_at_the_2024_Summer_Olympics_–_Women's_800_metres,Heat 5,3,,Shafiqua Maloney,Saint Vincent and the Grenadines,1:58.23,"Q,NR"
https://en.wikipedia.org/wiki/Athletics_at_the_2024_Summer_Olympics_–_Women's_800_metres,Heat 5,4,,Anaïs Bourgoin,France,1:58.47,PB
https://en.wikipedia.org/wiki/Athletics_at_the_2024_Summer_Olympics_–_Women's_800_metres,Heat 5,5,,Abbey Caldwell,Australia,1:58.49,SB
https://en.wikipedia.org/wiki/Athletics_at_the_2024_Summer_Olympics_–_Women's_800_metres,Heat 5,6,,Lorea Ibarzabal,Spain,2:00.71,
https://en.wikipedia.org/wiki/Athletics_at_the_2024_Summer_Olympics_–_Women's_800_metres,Heat 5,7,,Sanu Jallow,The Gambia,2:03.91,NR
https://en.wikipedia.org/wiki/Athletics_at_the_2024_Summer_Olympics_–_Women's_800_metres,Heat 5,8,,Gresa Bakraçi,Kosovo,2:13.29,
https://en.wikipedia.org/wiki/Athletics_at_the_2024_Summer_Olympics_–_Women's_800_metres,Heat 6,1,,Natoya Goule-Toppin,Jamaica,1:58.66,Q
https://en.wikipedia.org/wiki/Athletics_at_the_2024_Summer_Olympics_–_Women's_800_metres,Heat 6,2,,Claudia Hollingsworth,Australia,1:58.77,Q
https://en.wikipedia.org/wiki/Athletics_at_the_2024_Summer_Olympics_–_Women's_800_metres,Heat 6,3,,Lilian Odira,Kenya,1:58.83,"Q,PB"
https://en.wikipedia.org/wiki/Athletics_at_the_2024_Summer_Olympics_–_Women's_800_metres,Heat 6,4,,Gabija Galvydytė,Lithuania,1:59.18,PB
https://en.wikipedia.org/wiki/Athletics_at_the_2024_Summer_Olympics_–_Women's_800_metres,Heat 6,5,,Audrey Werro,Switzerland,1:59.38,
https://en.wikipedia.org/wiki/Athletics_at_the_2024_Summer_Olympics_–_Women's_800_metres,Heat 6,6,,Allie Wilson,United States,1:59.69,
https://en.wikipedia.org/wiki/Athletics_at_the_2024_Summer_Olympics_–_Women's_800_metres,Heat 6,7,,Elena Bellò,Italy,1:59.98,
https://en.wikipedia.org/wiki/Athletics_at_the_2024_Summer_Olympics_–_Women's_800_metres,Heat 6,8,,Tharushi Karunarathna,Sri Lanka,2:07.76,
https://en.wikipedia.org/wiki/Athletics_at_the_2024_Summer_Olympics_–_Women's_800_metres,Heat 1,1,,Abbey Caldwell,Australia,2:00.07,Q
https://en.wikipedia.org/wiki/Athletics_at_the_2024_Summer_Olympics_–_Women's_800_metres,Heat 1,2,,Eloisa Coiro,Italy,2:00.31,
https://en.wikipedia.org/wiki/Athletics_at_the_2024_Summer_Olympics_–_Women's_800_metres,Heat 1,3,,Audrey Werro,Switzerland,2:00.62,
https://en.wikipedia.org/wiki/Athletics_at_the_2024_Summer_Olympics_–_Women's_800_metres,Heat 1,4,,Gabija Galvydytė,Lithuania,2:00.66,
https://en.wikipedia.org/wiki/Athletics_at_the_2024_Summer_Olympics_–_Women's_800_metres,Heat 1,5,,Flávia de Lima,Brazil,2:01.64,
https://en.wikipedia.org/wiki/Athletics_at_the_2024_Summer_Olympics_–_Women's_800_metres,Heat 1,6,,Halimah Nakaayi,Uganda,2:02.88,
https://en.wikipedia.org/wiki/Athletics_at_the_2024_Summer_Olympics_–_Women's_800_metres,Heat 1,7,,Lorena Martín,Spain,2:03.04,
https://en.wikipedia.org/wiki/Athletics_at_the_2024_Summer_Olympics_–_Women's_800_metres,Heat 2,1,,Anaïs Bourgoin,France,1:59.52,Q
https://en.wikipedia.org/wiki/Athletics_at_the_2024_Summer_Olympics_–_Women's_800_metres,Heat 2,2,,Valentina Rosamilia,Switzerland,1:59.65,q
https://en.wikipedia.org/wiki/Athletics_at_the_2024_Summer_Olympics_–_Women's_800_metres,Heat 2,3,,Allie Wilson,United States,1:59.73,
https://en.wikipedia.org/wiki/Athletics_at_the_2024_Summer_Olympics_–_Women's_800_metres,Heat 2,4,,Anita Horvat,Slovenia,2:00.56,
https://en.wikipedia.org/wiki/Athletics_at_the_2024_Summer_Olympics_–_Women's_800_metres,Heat 2,5,,Adelle Tracey,Jamaica,2:03.67,
https://en.wikipedia.org/wiki/Athletics_at_the_2024_Summer_Olympics_–_Women's_800_metres,Heat 2,6,,Sanu Jallow,The Gambia,2:04.44,
https://en.wikipedia.org/wiki/Athletics_at_the_2024_Summer_Olympics_–_Women's_800_metres,Heat 2,7,,Anna Wielgosz,Poland,2:05.77,
https://en.wikipedia.org/wiki/Athletics_at_the_2024_Summer_Olympics_–_Women's_800_metres,Heat 2,8,,Layla Almasri,Palestine,2:16.72,
https://en.wikipedia.org/wiki/Athletics_at_the_2024_Summer_Olympics_–_Women's_800_metres,Heat 3,1,,Rose Mary Almanza,Cuba,2:01.54,Q
https://en.wikipedia.org/wiki/Athletics_at_the_2024_Summer_Olympics_–_Women's_800_metres,Heat 3,2,,Jazz Shukla,Canada,2:02.00,
https://en.wikipedia.org/wiki/Athletics_at_the_2024_Summer_Olympics_–_Women's_800_metres,Heat 3,3,,Catriona Bisset,Australia,2:02.35,
https://en.wikipedia.org/wiki/Athletics_at_the_2024_Summer_Olympics_–_Women's_800_metres,Heat 3,4,,Elena Bellò,Italy,2:02.91,
https://en.wikipedia.org/wiki/Athletics_at_the_2024_Summer_Olympics_–_Women's_800_metres,Heat 3,5,,Oratile Nowe,Botswana,2:03.29,
https://en.wikipedia.org/wiki/Athletics_at_the_2024_Summer_Olympics_–_Women's_800_metres,Heat 3,6,,Léna Kandissounon,France,2:03.40,
https://en.wikipedia.org/wiki/Athletics_at_the_2024_Summer_Olympics_–_Women's_800_metres,Heat 3,7,,Perina Lokure Nakang,Refugee Olympic Team,2:11.33,
https://en.wikipedia.org/wiki/Athletics_at_the_2024_Summer_Olympics_–_Women's_800_metres,Heat 3,,,Gresa Bakraçi,Kosovo,DQ,TR17.2.3
https://en.wikipedia.org/wiki/Athletics_at_the_2024_Summer_Olympics_–_Women's_800_metres,Heat 4,1,,Majtie Kolberg,Germany,1:59.08,Q
https://en.wikipedia.org/wiki/Athletics_at_the_2024_Summer_Olympics_–_Women's_800_metres,Heat 4,2,,Vivian Chebet Kiprotich,Kenya,1:59.31,q
https://en.wikipedia.org/wiki/Athletics_at_the_2024_Summer_Olympics_–_Women's_800_metres,Heat 4,3,,Lorea Ibarzabal,Spain,1:59.81,
https://en.wikipedia.org/wiki/Athletics_at_the_2024_Summer_Olympics_–_Women's_800_metres,Heat 4,4,,Eveliina Määttänen,Finland,2:00.38,
https://en.wikipedia.org/wiki/Athletics_at_the_2024_Summer_Olympics_–_Women's_800_metres,Heat 4,5,,Nelly Jepkosgei,Bahrain,2:01.12,
https://en.wikipedia.org/wiki/Athletics_at_the_2024_Summer_Olympics_–_Women's_800_metres,Heat 4,6,,Habitam Alemu,Ethiopia,2:02.73,
https://en.wikipedia.org/wiki/Athletics_at_the_2024_Summer_Olympics_–_Women's_800_metres,Heat 4,7,,Tharushi Karunarathna,Sri Lanka,2:06.66,
https://en.wikipedia.org/wiki/Athletics_at_the_2024_Summer_Olympics_–_Women's_800_metres,Heat 4,8,,Amal Al Roumi,Kuwait,2:12.13,
https://en.wikipedia.org/wiki/Athletics_at_the_2024_Summer_Olympics_–_Women's_800_metres,Heat 1,1,,Mary Moraa,Kenya,1:57.86,Q
https://en.wikipedia.org/wiki/Athletics_at_the_2024_Summer_Olympics_–_Women's_800_metres,Heat 1,2,,Worknesh Mesele,Ethiopia,1:58.06,"Q,PB"
https://en.wikipedia.org/wiki/Athletics_at_the_2024_Summer_Olympics_–_Women's_800_metres,Heat 1,3,,Daily Cooper Gaspar,Cuba,1:58.39,PB
https://en.wikipedia.org/wiki/Athletics_at_the_2024_Summer_Olympics_–_Women's_800_metres,Heat 1,4,,Phoebe Gill,Great Britain,1:58.47,
https://en.wikipedia.org/wiki/Athletics_at_the_2024_Summer_Olympics_–_Women's_800_metres,Heat 1,5,,Abbey Caldwell,Australia,1:58.52,
https://en.wikipedia.org/wiki/Athletics_at_the_2024_Summer_Olympics_–_Women's_800_metres,Heat 1,6,,Natoya Goule-Toppin,Jamaica,1:59.14,
https://en.wikipedia.org/wiki/Athletics_at_the_2024_Summer_Olympics_–_Women's_800_metres,Heat 1,7,,Valentina Rosamilia,Switzerland,1:59.27,
https://en.wikipedia.org/wiki/Athletics_at_the_2024_Summer_Olympics_–_Women's_800_metres,Heat 1,8,,Noélie Yarigo,Benin,2:01.35,
https://en.wikipedia.org/wiki/Athletics_at_the_2024_Summer_Olympics_–_Women's_800_metres,Heat 2,1,,Tsige Duguma,Ethiopia,1:57.47,"Q,PB"
https://en.wikipedia.org/wiki/Athletics_at_the_2024_Summer_Olympics_–_Women's_800_metres,Heat 2,2,,Shafiqua Maloney,Saint Vincent and the Grenadines,1:57.59,"Q,NR"
https://en.wikipedia.org/wiki/Athletics_at_the_2024_Summer_Olympics_–_Women's_800_metres,Heat 2,3,,Juliette Whittaker,United States,1:57.76,"q,PB"
https://en.wikipedia.org/wiki/Athletics_at_the_2024_Summer_Olympics_–_Women's_800_metres,Heat 2,4,,Rénelle Lamote,France,1:57.78,q
https://en.wikipedia.org/wiki/Athletics_at_the_2024_Summer_Olympics_–_Women's_800_metres,Heat 2,5,,Jemma Reekie,Great Britain,1:58.01,
https://en.wikipedia.org/wiki/Athletics_at_the_2024_Summer_Olympics_–_Women's_800_metres,Heat 2,6,,Gabriela Gajanová,Slovakia,1:58.22,NR
https://en.wikipedia.org/wiki/Athletics_at_the_2024_Summer_Olympics_–_Women's_800_metres,Heat 2,7,,Majtie Kolberg,Germany,1:58.52,PB
https://en.wikipedia.org/wiki/Athletics_at_the_2024_Summer_Olympics_–_Women's_800_metres,Heat 2,8,,Vivian Chebet Kiprotich,Kenya,1:59.64,
https://en.wikipedia.org/wiki/Athletics_at_the_2024_Summer_Olympics_–_Women's_800_metres,Heat 3,1,,Keely Hodgkinson,Great Britain,1:56.86,Q
https://en.wikipedia.org/wiki/Athletics_at_the_2024_Summer_Olympics_–_Women's_800_metres,Heat 3,2,,Prudence Sekgodiso,South Africa,1:57.57,Q
https://en.wikipedia.org/wiki/Athletics_at_the_2024_Summer_Olympics_–_Women's_800_metres,Heat 3,3,,Nia Akins,United States,1:58.20,
https://en.wikipedia.org/wiki/Athletics_at_the_2024_Summer_Olympics_–_Women's_800_metres,Heat 3,4,,Lilian Odira,Kenya,1:58.53,PB
https://en.wikipedia.org/wiki/Athletics_at_the_2024_Summer_Olympics_–_Women's_800_metres,Heat 3,5,,Rose Mary Almanza,Cuba,1:58.73,SB
https://en.wikipedia.org/wiki/Athletics_at_the_2024_Summer_Olympics_–_Women's_800_metres,Heat 3,6,,Anaïs Bourgoin,France,1:59.62,
https://en.wikipedia.org/wiki/Athletics_at_the_2024_Summer_Olympics_–_Women's_800_metres,Heat 3,7,,Claudia Hollingsworth,Australia,2:01.51,
https://en.wikipedia.org/wiki/Athletics_at_the_2024_Summer_Olympics_–_Women's_800_metres,Heat 3,8,,Rachel Pellaud,Switzerland,2:03.36,
https://en.wikipedia.org/wiki/Athletics_at_the_2024_Summer_Olympics_–_Women's_800_metres,Final,,,Keely Hodgkinson,Great Britain,1:56.72,
https://en.wikipedia.org/wiki/Athletics_at_the_2024_Summer_Olympics_–_Women's_800_metres,Final,,,Tsige Duguma,Ethiopia,1:57.15,PB
https://en.wikipedia.org/wiki/Athletics_at_the_2024_Summer_Olympics_–_Women's_800_metres,Final,,,Mary Moraa,Kenya,1:57.42,
https://en.wikipedia.org/wiki/Athletics_at_the_2024_Summer_Olympics_–_Women's_800_metres,Final,4,,Shafiqua Maloney,Saint Vincent and the Grenadines,1:57.66,
https://en.wikipedia.org/wiki/Athletics_at_the_2024_Summer_Olympics_–_Women's_800_metres,Final,5,,Rénelle Lamote,France,1:58.19,
https://en.wikipedia.org/wiki/Athletics_at_the_2024_Summer_Olympics_–_Women's_800_metres,Final,6,,Worknesh Mesele,Ethiopia,1:58.28,
https://en.wikipedia.org/wiki/Athletics_at_the_2024_Summer_Olympics_–_Women's_800_metres,Final,7,,Juliette Whittaker,United States,1:58.50,
https://en.wikipedia.org/wiki/Athletics_at_the_2024_Summer_Olympics_–_Women's_800_metres,Final,8,,Prudence Sekgodiso,South Africa,1:58.79,
https://en.wikipedia.org/wiki/Athletics_at_the_2024_Summer_Olympics_–_Men's_1500_metres,Heat 1,1,,Josh Kerr,Great Britain,3:35.83,"Q,SB"
https://en.wikipedia.org/wiki/Athletics_at_the_2024_Summer_Olympics_–_Men's_1500_metres,Heat 1,2,,Brian Komen,Kenya,3:36.31,Q
https://en.wikipedia.org/wiki/Athletics_at_the_2024_Summer_Olympics_–_Men's_1500_metres,Heat 1,3,,Narve Gilje Nordås,Norway,3:36.41,Q
https://en.wikipedia.org/wiki/Athletics_at_the_2024_Summer_Olympics_–_Men's_1500_metres,Heat 1,4,,Anass Essayi,Morocco,3:36.44,Q
https://en.wikipedia.org/wiki/Athletics_at_the_2024_Summer_Olympics_–_Men's_1500_metres,Heat 1,5,,Yared Nuguse,United States,3:36.56,Q
https://en.wikipedia.org/wiki/Athletics_at_the_2024_Summer_Olympics_–_Men's_1500_metres,Heat 1,6,,Robert Farken,Germany,3:36.62,Q
https://en.wikipedia.org/wiki/Athletics_at_the_2024_Summer_Olympics_–_Men's_1500_metres,Heat 1,7,,Jochem Vermeulen,Belgium,3:36.66,
https://en.wikipedia.org/wiki/Athletics_at_the_2024_Summer_Olympics_–_Men's_1500_metres,Heat 1,8,,Samuel Pihlström,Sweden,3:36.80,
https://en.wikipedia.org/wiki/Athletics_at_the_2024_Summer_Olympics_–_Men's_1500_metres,Heat 1,9,,Cathal Doyle,Ireland,3:37.82,
https://en.wikipedia.org/wiki/Athletics_at_the_2024_Summer_Olympics_–_Men's_1500_metres,Heat 1,10,,Mario García,Spain,3:37.90,
https://en.wikipedia.org/wiki/Athletics_at_the_2024_Summer_Olympics_–_Men's_1500_metres,Heat 1,11,,Filip Rak,Poland,3:38.12,
https://en.wikipedia.org/wiki/Athletics_at_the_2024_Summer_Olympics_–_Men's_1500_metres,Heat 1,12,,Ryan Mphahlele,South Africa,3:38.48,
https://en.wikipedia.org/wiki/Athletics_at_the_2024_Summer_Olympics_–_Men's_1500_metres,Heat 1,13,,Oliver Hoare,Australia,3:39.11,
https://en.wikipedia.org/wiki/Athletics_at_the_2024_Summer_Olympics_–_Men's_1500_metres,Heat 1,14,,Abdisa Fayisa,Ethiopia,3:39.67,
https://en.wikipedia.org/wiki/Athletics_at_the_2024_Summer_Olympics_–_Men's_1500_metres,Heat 1,15,,Ossama Meslek,Italy,3:39.96,
https://en.wikipedia.org/wiki/Athletics_at_the_2024_Summer_Olympics_–_Men's_1500_metres,Heat 2,1,,Ermias Girma,Ethiopia,3:35.21,Q
https://en.wikipedia.org/wiki/Athletics_at_the_2024_Summer_Olympics_–_Men's_1500_metres,Heat 2,2,,Cole Hocker,United States,3:35.27,Q
https://en.wikipedia.org/wiki/Athletics_at_the_2024_Summer_Olympics_–_Men's_1500_metres,Heat 2,3,,Pietro Arese,Italy,3:35.30,Q
https://en.wikipedia.org/wiki/Athletics_at_the_2024_Summer_Olympics_–_Men's_1500_metres,Heat 2,4,,Niels Laros,Netherlands,3:35.38,"Q,SB"
https://en.wikipedia.org/wiki/Athletics_at_the_2024_Summer_Olympics_–_Men's_1500_metres,Heat 2,5,,Timothy Cheruiyot,Kenya,3:35.39,Q
https://en.wikipedia.org/wiki/Athletics_at_the_2024_Summer_Olympics_–_Men's_1500_metres,Heat 2,6,,Isaac Nader,Portugal,3:35.44,Q
https://en.wikipedia.org/wiki/Athletics_at_the_2024_Summer_Olympics_–_Men's_1500_metres,Heat 2,7,,Marius Probst,Germany,3:35.65,
https://en.wikipedia.org/wiki/Athletics_at_the_2024_Summer_Olympics_–_Men's_1500_metres,Heat 2,8,,Luke McCann,Ireland,3:35.73,
https://en.wikipedia.org/wiki/Athletics_at_the_2024_Summer_Olympics_–_Men's_1500_metres,Heat 2,9,,Adel Mechaal,Spain,3:35.81,
https://en.wikipedia.org/wiki/Athletics_at_the_2024_Summer_Olympics_–_Men's_1500_metres,Heat 2,10,,George Mills,Great Britain,3:35.99,
https://en.wikipedia.org/wiki/Athletics_at_the_2024_Summer_Olympics_–_Men's_1500_metres,Heat 2,11,,Stewart Mcsweyn,Australia,3:36.55,
https://en.wikipedia.org/wiki/Athletics_at_the_2024_Summer_Olympics_–_Men's_1500_metres,Heat 2,12,,Ruben Verheyden,Belgium,3:36.62,
https://en.wikipedia.org/wiki/Athletics_at_the_2024_Summer_Olympics_–_Men's_1500_metres,Heat 2,13,,Tshepo Tshite,South Africa,3:36.87,
https://en.wikipedia.org/wiki/Athletics_at_the_2024_Summer_Olympics_–_Men's_1500_metres,Heat 2,14,,Charles Philibert-Thiboutot,Canada,3:36.92,
https://en.wikipedia.org/wiki/Athletics_at_the_2024_Summer_Olympics_–_Men's_1500_metres,Heat 2,15,,Maël Gouyette,France,3:37.87,
https://en.wikipedia.org/wiki/Athletics_at_the_2024_Summer_Olympics_–_Men's_1500_metres,Heat 3,1,,Stefan Nillessen,Netherlands,3:36.77,Q
https://en.wikipedia.org/wiki/Athletics_at_the_2024_Summer_Olympics_–_Men's_1500_metres,Heat 3,2,,Hobbs Kessler,United States,3:36.87,Q
https://en.wikipedia.org/wiki/Athletics_at_the_2024_Summer_Olympics_–_Men's_1500_metres,Heat 3,3,,Jakob Ingebrigtsen,Norway,3:37.04,Q
https://en.wikipedia.org/wiki/Athletics_at_the_2024_Summer_Olympics_–_Men's_1500_metres,Heat 3,4,,Reynold Kipkorir Cheruiyot,Kenya,3:37.12,Q
https://en.wikipedia.org/wiki/Athletics_at_the_2024_Summer_Olympics_–_Men's_1500_metres,Heat 3,5,,Neil Gourley,Great Britain,3:37.18,Q
https://en.wikipedia.org/wiki/Athletics_at_the_2024_Summer_Olympics_–_Men's_1500_metres,Heat 3,6,,Samuel Tefera,Ethiopia,3:37.34,Q
https://en.wikipedia.org/wiki/Athletics_at_the_2024_Summer_Olympics_–_Men's_1500_metres,Heat 3,7,,Ignacio Fontes,Spain,3:37.50,
https://en.wikipedia.org/wiki/Athletics_at_the_2024_Summer_Olympics_–_Men's_1500_metres,Heat 3,8,,Adam Spencer,Australia,3:37.68,
https://en.wikipedia.org/wiki/Athletics_at_the_2024_Summer_Olympics_–_Men's_1500_metres,Heat 3,9,,Azeddine Habz,France,3:37.95,
https://en.wikipedia.org/wiki/Athletics_at_the_2024_Summer_Olympics_–_Men's_1500_metres,Heat 3,10,,Kieran Lumb,Canada,3:38.11,
https://en.wikipedia.org/wiki/Athletics_at_the_2024_Summer_Olympics_–_Men's_1500_metres,Heat 3,11,,Raphael Pallitsch,Austria,3:38.20,
https://en.wikipedia.org/wiki/Athletics_at_the_2024_Summer_Olympics_–_Men's_1500_metres,Heat 3,12,,Maciej Wyderka,Poland,3:38.79,
https://en.wikipedia.org/wiki/Athletics_at_the_2024_Summer_Olympics_–_Men's_1500_metres,Heat 3,13,,Sam Tanner,New Zealand,3:39.87,
https://en.wikipedia.org/wiki/Athletics_at_the_2024_Summer_Olympics_–_Men's_1500_metres,Heat 3,14,,Federico Riva,Italy,3:41.78,
https://en.wikipedia.org/wiki/Athletics_at_the_2024_Summer_Olympics_–_Men's_1500_metres,Heat 3,15,,Andrew Coscoran,Ireland,3:42.07,
https://en.wikipedia.org/wiki/Athletics_at_the_2024_Summer_Olympics_–_Men's_1500_metres,Heat 1,1,,Cathal Doyle,Ireland,3:34.92,Q
https://en.wikipedia.org/wiki/Athletics_at_the_2024_Summer_Olympics_–_Men's_1500_metres,Heat 1,2,,Azeddine Habz,France,3:35.10,Q
https://en.wikipedia.org/wiki/Athletics_at_the_2024_Summer_Olympics_–_Men's_1500_metres,Heat 1,3,,Ossama Meslek,Italy,3:35.32,Q
https://en.wikipedia.org/wiki/Athletics_at_the_2024_Summer_Olympics_–_Men's_1500_metres,Heat 1,4,,Tshepo Tshite,South Africa,3:35.35,
https://en.wikipedia.org/wiki/Athletics_at_the_2024_Summer_Olympics_–_Men's_1500_metres,Heat 1,5,,Kieran Lumb,Canada,3:35.76,
https://en.wikipedia.org/wiki/Athletics_at_the_2024_Summer_Olympics_–_Men's_1500_metres,Heat 1,6,,Jochem Vermeulen,Belgium,3:36.14,
https://en.wikipedia.org/wiki/Athletics_at_the_2024_Summer_Olympics_–_Men's_1500_metres,Heat 1,7,,Luke McCann,Ireland,3:36.50,
https://en.wikipedia.org/wiki/Athletics_at_the_2024_Summer_Olympics_–_Men's_1500_metres,Heat 1,8,,Marius Probst,Germany,3:36.54,
https://en.wikipedia.org/wiki/Athletics_at_the_2024_Summer_Olympics_–_Men's_1500_metres,Heat 1,9,,Maciej Wyderka,Poland,3:36.79,
https://en.wikipedia.org/wiki/Athletics_at_the_2024_Summer_Olympics_–_Men's_1500_metres,Heat 1,10,,Abdisa Fayisa,Ethiopia,3:36.82,
https://en.wikipedia.org/wiki/Athletics_at_the_2024_Summer_Olympics_–_Men's_1500_metres,Heat 1,11,,Mario García,Spain,3:37.01,
https://en.wikipedia.org/wiki/Athletics_at_the_2024_Summer_Olympics_–_Men's_1500_metres,Heat 1,12,,Stewart Mcsweyn,Australia,3:37.49,
https://en.wikipedia.org/wiki/Athletics_at_the_2024_Summer_Olympics_–_Men's_1500_metres,Heat 1,13,,Raphael Pallitsch,Austria,3:39.32,
https://en.wikipedia.org/wiki/Athletics_at_the_2024_Summer_Olympics_–_Men's_1500_metres,Heat 2,1,,Federico Riva,Italy,3:32.84,"Q,PB"
https://en.wikipedia.org/wiki/Athletics_at_the_2024_Summer_Olympics_–_Men's_1500_metres,Heat 2,2,,Charles Philibert-Thiboutot,Canada,3:33.53,"Q,SB"
https://en.wikipedia.org/wiki/Athletics_at_the_2024_Summer_Olympics_–_Men's_1500_metres,Heat 2,3,,George Mills,Great Britain,3:33.56,Q
https://en.wikipedia.org/wiki/Athletics_at_the_2024_Summer_Olympics_–_Men's_1500_metres,Heat 2,4,,Samuel Pihlström,Sweden,3:33.58,PB
https://en.wikipedia.org/wiki/Athletics_at_the_2024_Summer_Olympics_–_Men's_1500_metres,Heat 2,5,,Oliver Hoare,Australia,3:34.00,
https://en.wikipedia.org/wiki/Athletics_at_the_2024_Summer_Olympics_–_Men's_1500_metres,Heat 2,6,,Adam Spencer,Australia,3:34.45,SB
https://en.wikipedia.org/wiki/Athletics_at_the_2024_Summer_Olympics_–_Men's_1500_metres,Heat 2,7,,Filip Rak,Poland,3:34.53,
https://en.wikipedia.org/wiki/Athletics_at_the_2024_Summer_Olympics_–_Men's_1500_metres,Heat 2,8,,Ignacio Fontes,Spain,3:35.04,
https://en.wikipedia.org/wiki/Athletics_at_the_2024_Summer_Olympics_–_Men's_1500_metres,Heat 2,9,,Maël Gouyette,France,3:35.42,
https://en.wikipedia.org/wiki/Athletics_at_the_2024_Summer_Olympics_–_Men's_1500_metres,Heat 2,10,,Ruben Verheyden,Belgium,3:36.06,
https://en.wikipedia.org/wiki/Athletics_at_the_2024_Summer_Olympics_–_Men's_1500_metres,Heat 2,11,,Ryan Mphahlele,South Africa,3:36.64,
https://en.wikipedia.org/wiki/Athletics_at_the_2024_Summer_Olympics_–_Men's_1500_metres,Heat 2,12,,Andrew Coscoran,Ireland,3:39.45,
https://en.wikipedia.org/wiki/Athletics_at_the_2024_Summer_Olympics_–_Men's_1500_metres,Heat 2,13,,Sam Tanner,New Zealand,3:40.71,
https://en.wikipedia.org/wiki/Athletics_at_the_2024_Summer_Olympics_–_Men's_1500_metres,Heat 2,14,,Adel Mechaal,Spain,3:42.79,
https://en.wikipedia.org/wiki/Athletics_at_the_2024_Summer_Olympics_–_Men's_1500_metres,Heat 1,1,,Yared Nuguse,United States,3:31.72,Q
https://en.wikipedia.org/wiki/Athletics_at_the_2024_Summer_Olympics_–_Men's_1500_metres,Heat 1,2,,Hobbs Kessler,United States,3:31.97,Q
https://en.wikipedia.org/wiki/Athletics_at_the_2024_Summer_Olympics_–_Men's_1500_metres,Heat 1,3,,Neil Gourley,Great Britain,3:32.11,Q
https://en.wikipedia.org/wiki/Athletics_at_the_2024_Summer_Olympics_–_Men's_1500_metres,Heat 1,4,,Niels Laros,Netherlands,3:32.22,Q
https://en.wikipedia.org/wiki/Athletics_at_the_2024_Summer_Olympics_–_Men's_1500_metres,Heat 1,5,,Timothy Cheruiyot,Kenya,3:32.30,Q
https://en.wikipedia.org/wiki/Athletics_at_the_2024_Summer_Olympics_–_Men's_1500_metres,Heat 1,6,,Narve Gilje Nordås,Norway,3:32.34,Q
https://en.wikipedia.org/wiki/Athletics_at_the_2024_Summer_Olympics_–_Men's_1500_metres,Heat 1,7,,Anass Essayi,Morocco,3:32.49,PB
https://en.wikipedia.org/wiki/Athletics_at_the_2024_Summer_Olympics_–_Men's_1500_metres,Heat 1,8,,Ossama Meslek,Italy,3:32.77,PB
https://en.wikipedia.org/wiki/Athletics_at_the_2024_Summer_Olympics_–_Men's_1500_metres,Heat 1,9,,Samuel Tefera,Ethiopia,3:33.02,
https://en.wikipedia.org/wiki/Athletics_at_the_2024_Summer_Olympics_–_Men's_1500_metres,Heat 1,10,,Cathal Doyle,Ireland,3:33.15,PB
https://en.wikipedia.org/wiki/Athletics_at_the_2024_Summer_Olympics_–_Men's_1500_metres,Heat 1,11,,Charles Philibert-Thiboutot,Canada,3:33.29,
https://en.wikipedia.org/wiki/Athletics_at_the_2024_Summer_Olympics_–_Men's_1500_metres,Heat 1,12,,Azeddine Habz,France,3:34.35,
https://en.wikipedia.org/wiki/Athletics_at_the_2024_Summer_Olympics_–_Men's_1500_metres,Heat 2,1,,Jakob Ingebrigtsen,Norway,3:32.38,Q
https://en.wikipedia.org/wiki/Athletics_at_the_2024_Summer_Olympics_–_Men's_1500_metres,Heat 2,2,,Josh Kerr,Great Britain,3:32.46,Q
https://en.wikipedia.org/wiki/Athletics_at_the_2024_Summer_Olympics_–_Men's_1500_metres,Heat 2,3,,Cole Hocker,United States,3:32.54,Q
https://en.wikipedia.org/wiki/Athletics_at_the_2024_Summer_Olympics_–_Men's_1500_metres,Heat 2,4,,Brian Komen,Kenya,3:32.57,Q
https://en.wikipedia.org/wiki/Athletics_at_the_2024_Summer_Olympics_–_Men's_1500_metres,Heat 2,5,,Stefan Nillessen,Netherlands,3:32.73,"Q,PB"
https://en.wikipedia.org/wiki/Athletics_at_the_2024_Summer_Olympics_–_Men's_1500_metres,Heat 2,6,,Pietro Arese,Italy,3:33.03,Q
https://en.wikipedia.org/wiki/Athletics_at_the_2024_Summer_Olympics_–_Men's_1500_metres,Heat 2,7,,Robert Farken,Germany,3:33.35,
https://en.wikipedia.org/wiki/Athletics_at_the_2024_Summer_Olympics_–_Men's_1500_metres,Heat 2,8,,Isaac Nader,Portugal,3:34.75,
https://en.wikipedia.org/wiki/Athletics_at_the_2024_Summer_Olympics_–_Men's_1500_metres,Heat 2,9,,Federico Riva,Italy,3:35.26,
https://en.wikipedia.org/wiki/Athletics_at_the_2024_Summer_Olympics_–_Men's_1500_metres,Heat 2,10,,Reynold Kipkorir Cheruiyot,Kenya,3:35.32,
https://en.wikipedia.org/wiki/Athletics_at_the_2024_Summer_Olympics_–_Men's_1500_metres,Heat 2,11,,George Mills,Great Britain,3:37.12,
https://en.wikipedia.org/wiki/Athletics_at_the_2024_Summer_Olympics_–_Men's_1500_metres,Heat 2,12,,Ermias Girma,Ethiopia,3:40.27,
https://en.wikipedia.org/wiki/Athletics_at_the_2024_Summer_Olympics_–_Men's_1500_metres,Final,,,Cole Hocker,United States,3:27.65,"OR,AR"
https://en.wikipedia.org/wiki/Athletics_at_the_2024_Summer_Olympics_–_Men's_1500_metres,Final,,,Josh Kerr,Great Britain,3:27.79,NR
https://en.wikipedia.org/wiki/Athletics_at_the_2024_Summer_Olympics_–_Men's_1500_metres,Final,,,Yared Nuguse,United States,3:27.80,PB
https://en.wikipedia.org/wiki/Athletics_at_the_2024_Summer_Olympics_–_Men's_1500_metres,Final,4,,Jakob Ingebrigtsen,Norway,3:28.24,
https://en.wikipedia.org/wiki/Athletics_at_the_2024_Summer_Olympics_–_Men's_1500_metres,Final,5,,Hobbs Kessler,United States,3:29.45,PB
https://en.wikipedia.org/wiki/Athletics_at_the_2024_Summer_Olympics_–_Men's_1500_metres,Final,6,,Niels Laros,Netherlands,3:29.54,"NR,AU20R"
https://en.wikipedia.org/wiki/Athletics_at_the_2024_Summer_Olympics_–_Men's_1500_metres,Final,7,,Narve Gilje Nordås,Norway,3:30.46,SB
https://en.wikipedia.org/wiki/Athletics_at_the_2024_Summer_Olympics_–_Men's_1500_metres,Final,8,,Pietro Arese,Italy,3:30.74,NR
https://en.wikipedia.org/wiki/Athletics_at_the_2024_Summer_Olympics_–_Men's_1500_metres,Final,9,,Stefan Nillessen,Netherlands,3:30.75,PB
https://en.wikipedia.org/wiki/Athletics_at_the_2024_Summer_Olympics_–_Men's_1500_metres,Final,10,,Neil Gourley,Great Britain,3:30.88,
https://en.wikipedia.org/wiki/Athletics_at_the_2024_Summer_Olympics_–_Men's_1500_metres,Final,11,,Timothy Cheruiyot,Kenya,3:31.35,
https://en.wikipedia.org/wiki/Athletics_at_the_2024_Summer_Olympics_–_Men's_1500_metres,Final,12,,Brian Komen,Kenya,3:35.59,
https://en.wikipedia.org/wiki/Athletics_at_the_2024_Summer_Olympics_–_Women's_1500_metres,Heat 1,1,,Gudaf Tsegay,Ethiopia,3:58.84,Q
https://en.wikipedia.org/wiki/Athletics_at_the_2024_Summer_Olympics_–_Women's_1500_metres,Heat 1,2,,Laura Muir,Great Britain,3:58.91,Q
https://en.wikipedia.org/wiki/Athletics_at_the_2024_Summer_Olympics_–_Women's_1500_metres,Heat 1,3,,Susan Ejore,Kenya,3:59.01,Q
https://en.wikipedia.org/wiki/Athletics_at_the_2024_Summer_Olympics_–_Women's_1500_metres,Heat 1,4,,Georgia Griffith,Australia,3:59.22 (.217),Q
https://en.wikipedia.org/wiki/Athletics_at_the_2024_Summer_Olympics_–_Women's_1500_metres,Heat 1,5,,Agathe Guillemot,France,3:59.22 (.220),Q
https://en.wikipedia.org/wiki/Athletics_at_the_2024_Summer_Olympics_–_Women's_1500_metres,Heat 1,6,,Emily Mackay,United States,3:59.63,Q
https://en.wikipedia.org/wiki/Athletics_at_the_2024_Summer_Olympics_–_Women's_1500_metres,Heat 1,7,,Sophie O'Sullivan,Ireland,4:00.23,PB
https://en.wikipedia.org/wiki/Athletics_at_the_2024_Summer_Olympics_–_Women's_1500_metres,Heat 1,8,,Sintayehu Vissa,Italy,4:00.69,PB
https://en.wikipedia.org/wiki/Athletics_at_the_2024_Summer_Olympics_–_Women's_1500_metres,Heat 1,9,,Águeda Marqués,Spain,4:01.60,PB
https://en.wikipedia.org/wiki/Athletics_at_the_2024_Summer_Olympics_–_Women's_1500_metres,Heat 1,10,,Lucia Stafford,Canada,4:02.22,SB
https://en.wikipedia.org/wiki/Athletics_at_the_2024_Summer_Olympics_–_Women's_1500_metres,Heat 1,11,,Nozomi Tanaka,Japan,4:04.28,qR
https://en.wikipedia.org/wiki/Athletics_at_the_2024_Summer_Olympics_–_Women's_1500_metres,Heat 1,12,,Vera Hoffmann,Luxembourg,4:07.64,
https://en.wikipedia.org/wiki/Athletics_at_the_2024_Summer_Olympics_–_Women's_1500_metres,Heat 1,13,,Adelle Tracey,Jamaica,4:09.33,SB
https://en.wikipedia.org/wiki/Athletics_at_the_2024_Summer_Olympics_–_Women's_1500_metres,Heat 1,14,,Aleksandra Płocińska,Poland,4:10.12,
https://en.wikipedia.org/wiki/Athletics_at_the_2024_Summer_Olympics_–_Women's_1500_metres,Heat 1,15,,Joselyn Brea,Venezuela,4:13.77,
https://en.wikipedia.org/wiki/Athletics_at_the_2024_Summer_Olympics_–_Women's_1500_metres,Heat 2,1,,Diribe Welteji,Ethiopia,3:59.73,Q
https://en.wikipedia.org/wiki/Athletics_at_the_2024_Summer_Olympics_–_Women's_1500_metres,Heat 2,2,,Georgia Bell,Great Britain,4:00.29,Q
https://en.wikipedia.org/wiki/Athletics_at_the_2024_Summer_Olympics_–_Women's_1500_metres,Heat 2,3,,Nikki Hiltz,United States,4:00.42,Q
https://en.wikipedia.org/wiki/Athletics_at_the_2024_Summer_Olympics_–_Women's_1500_metres,Heat 2,4,,Faith Kipyegon,Kenya,4:00.74,Q
https://en.wikipedia.org/wiki/Athletics_at_the_2024_Summer_Olympics_–_Women's_1500_metres,Heat 2,5,,Weronika Lizakowska,Poland,4:01.54,"Q,PB"
https://en.wikipedia.org/wiki/Athletics_at_the_2024_Summer_Olympics_–_Women's_1500_metres,Heat 2,6,,Maia Ramsden,New Zealand,4:02.83,Q
https://en.wikipedia.org/wiki/Athletics_at_the_2024_Summer_Olympics_–_Women's_1500_metres,Heat 2,7,,Sarah Healy,Ireland,4:02.91,
https://en.wikipedia.org/wiki/Athletics_at_the_2024_Summer_Olympics_–_Women's_1500_metres,Heat 2,8,,Linden Hall,Australia,4:03.89,
https://en.wikipedia.org/wiki/Athletics_at_the_2024_Summer_Olympics_–_Women's_1500_metres,Heat 2,9,,Simone Plourde,Canada,4:06.59,
https://en.wikipedia.org/wiki/Athletics_at_the_2024_Summer_Olympics_–_Women's_1500_metres,Heat 2,10,,Esther Guerrero,Spain,4:06.60,
https://en.wikipedia.org/wiki/Athletics_at_the_2024_Summer_Olympics_–_Women's_1500_metres,Heat 2,11,,Nele Weßel,Germany,4:08.55,
https://en.wikipedia.org/wiki/Athletics_at_the_2024_Summer_Olympics_–_Women's_1500_metres,Heat 2,12,,Sara Lappalainen,Finland,4:08.66,
https://en.wikipedia.org/wiki/Athletics_at_the_2024_Summer_Olympics_–_Women's_1500_metres,Heat 2,13,,Yume Goto,Japan,4:09.41,PB
https://en.wikipedia.org/wiki/Athletics_at_the_2024_Summer_Olympics_–_Women's_1500_metres,Heat 2,14,,Federica Del Buono,Italy,4:10.14,
https://en.wikipedia.org/wiki/Athletics_at_the_2024_Summer_Olympics_–_Women's_1500_metres,Heat 2,15,,María Pía Fernández,Uruguay,4:19.30,
https://en.wikipedia.org/wiki/Athletics_at_the_2024_Summer_Olympics_–_Women's_1500_metres,Heat 3,1,,Nelly Chepchirchir,Kenya,4:02.67,Q
https://en.wikipedia.org/wiki/Athletics_at_the_2024_Summer_Olympics_–_Women's_1500_metres,Heat 3,2,,Jessica Hull,Australia,4:02.70,Q
https://en.wikipedia.org/wiki/Athletics_at_the_2024_Summer_Olympics_–_Women's_1500_metres,Heat 3,3,,Elle St. Pierre,United States,4:03.22,Q
https://en.wikipedia.org/wiki/Athletics_at_the_2024_Summer_Olympics_–_Women's_1500_metres,Heat 3,4,,Klaudia Kazimierska,Poland,4:03.49,Q
https://en.wikipedia.org/wiki/Athletics_at_the_2024_Summer_Olympics_–_Women's_1500_metres,Heat 3,5,,Salomé Afonso,Portugal,4:04.42,"Q,PB"
https://en.wikipedia.org/wiki/Athletics_at_the_2024_Summer_Olympics_–_Women's_1500_metres,Heat 3,6,,Marta Pérez,Spain,4:04.94,Q
https://en.wikipedia.org/wiki/Athletics_at_the_2024_Summer_Olympics_–_Women's_1500_metres,Heat 3,7,,Kristiina Sasínek Mäki,Czech Republic,4:06.07,
https://en.wikipedia.org/wiki/Athletics_at_the_2024_Summer_Olympics_–_Women's_1500_metres,Heat 3,8,,Revée Walcott-Nolan,Great Britain,4:06.44,
https://en.wikipedia.org/wiki/Athletics_at_the_2024_Summer_Olympics_–_Women's_1500_metres,Heat 3,9,,Elise Vanderelst,Belgium,4:06.95,
https://en.wikipedia.org/wiki/Athletics_at_the_2024_Summer_Olympics_–_Women's_1500_metres,Heat 3,10,,Winnie Nanyondo,Uganda,4:07.06,
https://en.wikipedia.org/wiki/Athletics_at_the_2024_Summer_Olympics_–_Women's_1500_metres,Heat 3,11,,Birke Haylom,Ethiopia,4:07.15,
https://en.wikipedia.org/wiki/Athletics_at_the_2024_Summer_Olympics_–_Women's_1500_metres,Heat 3,12,,Kate Current,Canada,4:09.81,
https://en.wikipedia.org/wiki/Athletics_at_the_2024_Summer_Olympics_–_Women's_1500_metres,Heat 3,13,,Ludovica Cavalli,Italy,4:11.68,
https://en.wikipedia.org/wiki/Athletics_at_the_2024_Summer_Olympics_–_Women's_1500_metres,Heat 3,14,,Farida Abaroge,Refugee Olympic Team,4:29.27,SB
https://en.wikipedia.org/wiki/Athletics_at_the_2024_Summer_Olympics_–_Women's_1500_metres,Heat 1,1,,Birke Haylom,Ethiopia,4:01.47,Q
https://en.wikipedia.org/wiki/Athletics_at_the_2024_Summer_Olympics_–_Women's_1500_metres,Heat 1,2,,Ludovica Cavalli,Italy,4:02.46,Q
https://en.wikipedia.org/wiki/Athletics_at_the_2024_Summer_Olympics_–_Women's_1500_metres,Heat 1,3,,Esther Guerrero,Spain,4:03.15,Q
https://en.wikipedia.org/wiki/Athletics_at_the_2024_Summer_Olympics_–_Women's_1500_metres,Heat 1,4,,Sophie O'Sullivan,Ireland,4:03.73,
https://en.wikipedia.org/wiki/Athletics_at_the_2024_Summer_Olympics_–_Women's_1500_metres,Heat 1,5,,Lucia Stafford,Canada,4:04.26,
https://en.wikipedia.org/wiki/Athletics_at_the_2024_Summer_Olympics_–_Women's_1500_metres,Heat 1,6,,Joselyn Brea,Venezuela,4:05.93,
https://en.wikipedia.org/wiki/Athletics_at_the_2024_Summer_Olympics_–_Women's_1500_metres,Heat 1,7,,Federica del Buono,Italy,4:06.00,
https://en.wikipedia.org/wiki/Athletics_at_the_2024_Summer_Olympics_–_Women's_1500_metres,Heat 1,8,,Winnie Nanyondo,Uganda,4:06.35,
https://en.wikipedia.org/wiki/Athletics_at_the_2024_Summer_Olympics_–_Women's_1500_metres,Heat 1,9,,Nele Weßel,Germany,4:07.22,
https://en.wikipedia.org/wiki/Athletics_at_the_2024_Summer_Olympics_–_Women's_1500_metres,Heat 1,10,,Kate Current,Canada,4:08.91,
https://en.wikipedia.org/wiki/Athletics_at_the_2024_Summer_Olympics_–_Women's_1500_metres,Heat 1,11,,Yume Goto,Japan,4:10.40,
https://en.wikipedia.org/wiki/Athletics_at_the_2024_Summer_Olympics_–_Women's_1500_metres,Heat 1,12,,Farida Abaroge,Refugee Olympic Team,4:30.53,
https://en.wikipedia.org/wiki/Athletics_at_the_2024_Summer_Olympics_–_Women's_1500_metres,Heat 1,,,Sara Lappalainen,Finland,,DNS
https://en.wikipedia.org/wiki/Athletics_at_the_2024_Summer_Olympics_–_Women's_1500_metres,Heat 2,1,,Sintayehu Vissa,Italy,4:06.71,Q
https://en.wikipedia.org/wiki/Athletics_at_the_2024_Summer_Olympics_–_Women's_1500_metres,Heat 2,2,,Revée Walcott-Nolan,Great Britain,4:06.73,Q
https://en.wikipedia.org/wiki/Athletics_at_the_2024_Summer_Olympics_–_Women's_1500_metres,Heat 2,3,,Águeda Marqués,Spain,4:07.05,Q
https://en.wikipedia.org/wiki/Athletics_at_the_2024_Summer_Olympics_–_Women's_1500_metres,Heat 2,4,,Sarah Healy,Ireland,4:07.60,
https://en.wikipedia.org/wiki/Athletics_at_the_2024_Summer_Olympics_–_Women's_1500_metres,Heat 2,5,,Kristiina Sasínek Mäki,Czech Republic,4:07.80,
https://en.wikipedia.org/wiki/Athletics_at_the_2024_Summer_Olympics_–_Women's_1500_metres,Heat 2,6,,Simone Plourde,Canada,4:08.49,
https://en.wikipedia.org/wiki/Athletics_at_the_2024_Summer_Olympics_–_Women's_1500_metres,Heat 2,7,,Elise Vanderelst,Belgium,4:08.86,
https://en.wikipedia.org/wiki/Athletics_at_the_2024_Summer_Olympics_–_Women's_1500_metres,Heat 2,8,,Linden Hall,Australia,4:09.05,
https://en.wikipedia.org/wiki/Athletics_at_the_2024_Summer_Olympics_–_Women's_1500_metres,Heat 2,9,,Aleksandra Płocińska,Poland,4:09.47,
https://en.wikipedia.org/wiki/Athletics_at_the_2024_Summer_Olympics_–_Women's_1500_metres,Heat 2,10,,Vera Hoffmann,Luxembourg,4:11.28,
https://en.wikipedia.org/wiki/Athletics_at_the_2024_Summer_Olympics_–_Women's_1500_metres,Heat 2,11,,Adelle Tracey,Jamaica,4:14.52,
https://en.wikipedia.org/wiki/Athletics_at_the_2024_Summer_Olympics_–_Women's_1500_metres,Heat 2,12,,María Pía Fernández,Uruguay,4:16.46,
https://en.wikipedia.org/wiki/Athletics_at_the_2024_Summer_Olympics_–_Women's_1500_metres,Heat 1,1,,Faith Kipyegon,Kenya,3:58.64,Q
https://en.wikipedia.org/wiki/Athletics_at_the_2024_Summer_Olympics_–_Women's_1500_metres,Heat 1,2,,Georgia Bell,Great Britain,3:59.49,Q
https://en.wikipedia.org/wiki/Athletics_at_the_2024_Summer_Olympics_–_Women's_1500_metres,Heat 1,3,,Elle St. Pierre,United States,3:59.74,Q
https://en.wikipedia.org/wiki/Athletics_at_the_2024_Summer_Olympics_–_Women's_1500_metres,Heat 1,4,,Laura Muir,Great Britain,3:59.83,Q
https://en.wikipedia.org/wiki/Athletics_at_the_2024_Summer_Olympics_–_Women's_1500_metres,Heat 1,5,,Klaudia Kazimierska,Poland,4:00.21,"Q,PB"
https://en.wikipedia.org/wiki/Athletics_at_the_2024_Summer_Olympics_–_Women's_1500_metres,Heat 1,6,,Águeda Marqués,Spain,4:01.90,Q
https://en.wikipedia.org/wiki/Athletics_at_the_2024_Summer_Olympics_–_Women's_1500_metres,Heat 1,7,,Esther Guerrero,Spain,4:01.94,
https://en.wikipedia.org/wiki/Athletics_at_the_2024_Summer_Olympics_–_Women's_1500_metres,Heat 1,8,,Maia Ramsden,New Zealand,4:02.20,NR
https://en.wikipedia.org/wiki/Athletics_at_the_2024_Summer_Olympics_–_Women's_1500_metres,Heat 1,9,,Georgia Griffith,Australia,4:02.69,
https://en.wikipedia.org/wiki/Athletics_at_the_2024_Summer_Olympics_–_Women's_1500_metres,Heat 1,10,,Birke Haylom,Ethiopia,4:03.11,
https://en.wikipedia.org/wiki/Athletics_at_the_2024_Summer_Olympics_–_Women's_1500_metres,Heat 1,11,,Nelly Chepchirchir,Kenya,4:03.24,
https://en.wikipedia.org/wiki/Athletics_at_the_2024_Summer_Olympics_–_Women's_1500_metres,Heat 1,12,,Ludovica Cavalli,Italy,4:03.59,
https://en.wikipedia.org/wiki/Athletics_at_the_2024_Summer_Olympics_–_Women's_1500_metres,Heat 2,1,,Diribe Welteji,Ethiopia,3:55.10,Q
https://en.wikipedia.org/wiki/Athletics_at_the_2024_Summer_Olympics_–_Women's_1500_metres,Heat 2,2,,Jessica Hull,Australia,3:55.40,Q
https://en.wikipedia.org/wiki/Athletics_at_the_2024_Summer_Olympics_–_Women's_1500_metres,Heat 2,3,,Nikki Hiltz,United States,3:56.17,Q
https://en.wikipedia.org/wiki/Athletics_at_the_2024_Summer_Olympics_–_Women's_1500_metres,Heat 2,4,,Gudaf Tsegay,Ethiopia,3:56.41,Q
https://en.wikipedia.org/wiki/Athletics_at_the_2024_Summer_Olympics_–_Women's_1500_metres,Heat 2,5,,Susan Ejore,Kenya,3:56.57,"Q,PB"
https://en.wikipedia.org/wiki/Athletics_at_the_2024_Summer_Olympics_–_Women's_1500_metres,Heat 2,6,,Agathe Guillemot,France,3:56.69,"Q,NR"
https://en.wikipedia.org/wiki/Athletics_at_the_2024_Summer_Olympics_–_Women's_1500_metres,Heat 2,7,,Weronika Lizakowska,Poland,3:57.31,NR
https://en.wikipedia.org/wiki/Athletics_at_the_2024_Summer_Olympics_–_Women's_1500_metres,Heat 2,8,,Marta Pérez,Spain,3:57.75,NR
https://en.wikipedia.org/wiki/Athletics_at_the_2024_Summer_Olympics_–_Women's_1500_metres,Heat 2,9,,Revée Walcott-Nolan,Great Britain,3:58.08,PB
https://en.wikipedia.org/wiki/Athletics_at_the_2024_Summer_Olympics_–_Women's_1500_metres,Heat 2,10,,Sintayehu Vissa,Italy,3:58.11,NR
https://en.wikipedia.org/wiki/Athletics_at_the_2024_Summer_Olympics_–_Women's_1500_metres,Heat 2,11,,Nozomi Tanaka,Japan,3:59.70,SB
https://en.wikipedia.org/wiki/Athletics_at_the_2024_Summer_Olympics_–_Women's_1500_metres,Heat 2,12,,Salomé Afonso,Portugal,3:59.96,PB
https://en.wikipedia.org/wiki/Athletics_at_the_2024_Summer_Olympics_–_Women's_1500_metres,Heat 2,13,,Emily Mackay,United States,4:02.03,
https://en.wikipedia.org/wiki/Athletics_at_the_2024_Summer_Olympics_–_Women's_1500_metres,Final,,,Faith Kipyegon,Kenya,3:51.29,OR
https://en.wikipedia.org/wiki/Athletics_at_the_2024_Summer_Olympics_–_Women's_1500_metres,Final,,,Jessica Hull,Australia,3:52.56,
https://en.wikipedia.org/wiki/Athletics_at_the_2024_Summer_Olympics_–_Women's_1500_metres,Final,,,Georgia Bell,Great Britain,3:52.61,NR
https://en.wikipedia.org/wiki/Athletics_at_the_2024_Summer_Olympics_–_Women's_1500_metres,Final,4,,Diribe Welteji,Ethiopia,3:52.75,PB
https://en.wikipedia.org/wiki/Athletics_at_the_2024_Summer_Olympics_–_Women's_1500_metres,Final,5,,Laura Muir,Great Britain,3:53.37,PB
https://en.wikipedia.org/wiki/Athletics_at_the_2024_Summer_Olympics_–_Women's_1500_metres,Final,6,,Susan Ejore,Kenya,3:56.07,PB
https://en.wikipedia.org/wiki/Athletics_at_the_2024_Summer_Olympics_–_Women's_1500_metres,Final,7,,Nikki Hiltz,United States,3:56.38,
https://en.wikipedia.org/wiki/Athletics_at_the_2024_Summer_Olympics_–_Women's_1500_metres,Final,8,,Elle Purrier St. Pierre,United States,3:57.52,
https://en.wikipedia.org/wiki/Athletics_at_the_2024_Summer_Olympics_–_Women's_1500_metres,Final,9,,Agathe Guillemot,France,3:59.08,
https://en.wikipedia.org/wiki/Athletics_at_the_2024_Summer_Olympics_–_Women's_1500_metres,Final,10,,Klaudia Kazimierska,Poland,4:00.12,PB
https://en.wikipedia.org/wiki/Athletics_at_the_2024_Summer_Olympics_–_Women's_1500_metres,Final,11,,Águeda Marqués,Spain,4:00.31,PB
https://en.wikipedia.org/wiki/Athletics_at_the_2024_Summer_Olympics_–_Women's_1500_metres,Final,12,,Gudaf Tsegay,Ethiopia,4:01.27,
https://en.wikipedia.org/wiki/Athletics_at_the_2024_Summer_Olympics_–_Men's_5000_metres,Heat 1,1,,Narve Gilje Nordås,Norway,14:08.16,Q
https://en.wikipedia.org/wiki/Athletics_at_the_2024_Summer_Olympics_–_Men's_5000_metres,Heat 1,2,,Hagos Gebrhiwet,Ethiopia,14:08.18,Q
https://en.wikipedia.org/wiki/Athletics_at_the_2024_Summer_Olympics_–_Men's_5000_metres,Heat 1,3,,John Heymans,Belgium,14:08.33,Q
https://en.wikipedia.org/wiki/Athletics_at_the_2024_Summer_Olympics_–_Men's_5000_metres,Heat 1,4,,Jacob Krop,Kenya,14:08.73,Q
https://en.wikipedia.org/wiki/Athletics_at_the_2024_Summer_Olympics_–_Men's_5000_metres,Heat 1,5,,Edwin Kurgat,Kenya,14:08.76,Q
https://en.wikipedia.org/wiki/Athletics_at_the_2024_Summer_Olympics_–_Men's_5000_metres,Heat 1,6,,Graham Blanks,United States,14:09.06,Q
https://en.wikipedia.org/wiki/Athletics_at_the_2024_Summer_Olympics_–_Men's_5000_metres,Heat 1,7,,Hugo Hay,France,14:09.22,Q
https://en.wikipedia.org/wiki/Athletics_at_the_2024_Summer_Olympics_–_Men's_5000_metres,Heat 1,8,,Thomas Fafard,Canada,14:09.37,Q
https://en.wikipedia.org/wiki/Athletics_at_the_2024_Summer_Olympics_–_Men's_5000_metres,Heat 1,9,,Jimmy Gressier,France,14:09.95,
https://en.wikipedia.org/wiki/Athletics_at_the_2024_Summer_Olympics_–_Men's_5000_metres,Heat 1,10,,Egide Ntakarutimana,Burundi,14:11.29,
https://en.wikipedia.org/wiki/Athletics_at_the_2024_Summer_Olympics_–_Men's_5000_metres,Heat 1,11,,Abdi Waiss,Djibouti,14:11.88,
https://en.wikipedia.org/wiki/Athletics_at_the_2024_Summer_Olympics_–_Men's_5000_metres,Heat 1,12,,Stewart McSweyn,Australia,14:12.31,qJ
https://en.wikipedia.org/wiki/Athletics_at_the_2024_Summer_Olympics_–_Men's_5000_metres,Heat 1,13,,Patrick Dever,Great Britain,14:13.48,
https://en.wikipedia.org/wiki/Athletics_at_the_2024_Summer_Olympics_–_Men's_5000_metres,Heat 1,14,,Elzan Bibić,Serbia,14:14.46,
https://en.wikipedia.org/wiki/Athletics_at_the_2024_Summer_Olympics_–_Men's_5000_metres,Heat 1,15,,Dominic Lobalu,Refugee Olympic Team,14:15.49,qR
https://en.wikipedia.org/wiki/Athletics_at_the_2024_Summer_Olympics_–_Men's_5000_metres,Heat 1,16,,Mohammed Ahmed,Canada,14:15.76,
https://en.wikipedia.org/wiki/Athletics_at_the_2024_Summer_Olympics_–_Men's_5000_metres,Heat 1,17,,Aron Kifle,Eritrea,14:16.77,
https://en.wikipedia.org/wiki/Athletics_at_the_2024_Summer_Olympics_–_Men's_5000_metres,Heat 1,18,,George Mills,Great Britain,14:37.08,qR
https://en.wikipedia.org/wiki/Athletics_at_the_2024_Summer_Olympics_–_Men's_5000_metres,Heat 1,19,,Mike Foppen,Netherlands,14:37.34,qR
https://en.wikipedia.org/wiki/Athletics_at_the_2024_Summer_Olympics_–_Men's_5000_metres,Heat 1,,,Thierry Ndikumwenayo,Spain,DNF,qR
https://en.wikipedia.org/wiki/Athletics_at_the_2024_Summer_Olympics_–_Men's_5000_metres,Heat 1,,,Andreas Almgren,Sweden,DNS,
https://en.wikipedia.org/wiki/Athletics_at_the_2024_Summer_Olympics_–_Men's_5000_metres,Heat 2,1,,Jakob Ingebrigtsen,Norway,13:51.59,Q
https://en.wikipedia.org/wiki/Athletics_at_the_2024_Summer_Olympics_–_Men's_5000_metres,Heat 2,2,,Biniam Mehary,Ethiopia,13:51.82,Q
https://en.wikipedia.org/wiki/Athletics_at_the_2024_Summer_Olympics_–_Men's_5000_metres,Heat 2,3,,Isaac Kimeli,Belgium,13:52.18,Q
https://en.wikipedia.org/wiki/Athletics_at_the_2024_Summer_Olympics_–_Men's_5000_metres,Heat 2,4,,Grant Fisher,United States,13:52.44,Q
https://en.wikipedia.org/wiki/Athletics_at_the_2024_Summer_Olympics_–_Men's_5000_metres,Heat 2,5,,Oscar Chelimo,Uganda,13:52.46,Q
https://en.wikipedia.org/wiki/Athletics_at_the_2024_Summer_Olympics_–_Men's_5000_metres,Heat 2,6,,Ronald Kwemoi,Kenya,13:52.51,Q
https://en.wikipedia.org/wiki/Athletics_at_the_2024_Summer_Olympics_–_Men's_5000_metres,Heat 2,7,,Dawit Seare,Eritrea,13:52.53,Q
https://en.wikipedia.org/wiki/Athletics_at_the_2024_Summer_Olympics_–_Men's_5000_metres,Heat 2,8,,Addisu Yihune,Ethiopia,13:52.62,Q
https://en.wikipedia.org/wiki/Athletics_at_the_2024_Summer_Olympics_–_Men's_5000_metres,Heat 2,9,,Morgan McDonald,Australia,13:52.67,
https://en.wikipedia.org/wiki/Athletics_at_the_2024_Summer_Olympics_–_Men's_5000_metres,Heat 2,10,,Birhanu Balew,Bahrain,13:53.11,
https://en.wikipedia.org/wiki/Athletics_at_the_2024_Summer_Olympics_–_Men's_5000_metres,Heat 2,11,,Yann Schrub,France,13:53.27,qJ
https://en.wikipedia.org/wiki/Athletics_at_the_2024_Summer_Olympics_–_Men's_5000_metres,Heat 2,12,,Jonas Raess,Switzerland,13:55.04,
https://en.wikipedia.org/wiki/Athletics_at_the_2024_Summer_Olympics_–_Men's_5000_metres,Heat 2,13,,Brian Fay,Ireland,13:55.35,
https://en.wikipedia.org/wiki/Athletics_at_the_2024_Summer_Olympics_–_Men's_5000_metres,Heat 2,14,,Santiago Catrofe,Uruguay,13:56.40,
https://en.wikipedia.org/wiki/Athletics_at_the_2024_Summer_Olympics_–_Men's_5000_metres,Heat 2,15,,Mohamed Ismail Ibrahim,Djibouti,13:57.47,
https://en.wikipedia.org/wiki/Athletics_at_the_2024_Summer_Olympics_–_Men's_5000_metres,Heat 2,16,,Luis Grijalva,Guatemala,13:58.81,
https://en.wikipedia.org/wiki/Athletics_at_the_2024_Summer_Olympics_–_Men's_5000_metres,Heat 2,17,,Benjamin Flanagan,Canada,13:59.23,
https://en.wikipedia.org/wiki/Athletics_at_the_2024_Summer_Olympics_–_Men's_5000_metres,Heat 2,18,,Sam Atkin,Great Britain,14:02.46,
https://en.wikipedia.org/wiki/Athletics_at_the_2024_Summer_Olympics_–_Men's_5000_metres,Heat 2,19,,Abdihamid Nur,United States,14:15.00,
https://en.wikipedia.org/wiki/Athletics_at_the_2024_Summer_Olympics_–_Men's_5000_metres,Heat 2,,,Adel Mechaal,Spain,DNS,
https://en.wikipedia.org/wiki/Athletics_at_the_2024_Summer_Olympics_–_Men's_5000_metres,Final,,,Jakob Ingebrigtsen,Norway,13:13.66,SB
https://en.wikipedia.org/wiki/Athletics_at_the_2024_Summer_Olympics_–_Men's_5000_metres,Final,,,Ronald Kwemoi,Kenya,13:15.04,
https://en.wikipedia.org/wiki/Athletics_at_the_2024_Summer_Olympics_–_Men's_5000_metres,Final,,,Grant Fisher,United States,13:15.13,
https://en.wikipedia.org/wiki/Athletics_at_the_2024_Summer_Olympics_–_Men's_5000_metres,Final,4,,Dominic Lobalu,Refugee Olympic Team,13:15.27,
https://en.wikipedia.org/wiki/Athletics_at_the_2024_Summer_Olympics_–_Men's_5000_metres,Final,5,,Hagos Gebrhiwet,Ethiopia,13:15.32,
https://en.wikipedia.org/wiki/Athletics_at_the_2024_Summer_Olympics_–_Men's_5000_metres,Final,6,,Biniam Mehary,Ethiopia,13:15.99,
https://en.wikipedia.org/wiki/Athletics_at_the_2024_Summer_Olympics_–_Men's_5000_metres,Final,7,,Edwin Kurgat,Kenya,13:17.18,
https://en.wikipedia.org/wiki/Athletics_at_the_2024_Summer_Olympics_–_Men's_5000_metres,Final,8,,Isaac Kimeli,Belgium,13:18.10,
https://en.wikipedia.org/wiki/Athletics_at_the_2024_Summer_Olympics_–_Men's_5000_metres,Final,9,,Graham Blanks,United States,13:18.67,
https://en.wikipedia.org/wiki/Athletics_at_the_2024_Summer_Olympics_–_Men's_5000_metres,Final,10,,Jacob Krop,Kenya,13:18.68,SB
https://en.wikipedia.org/wiki/Athletics_at_the_2024_Summer_Olympics_–_Men's_5000_metres,Final,11,,John Heymans,Belgium,13:19.25,
https://en.wikipedia.org/wiki/Athletics_at_the_2024_Summer_Olympics_–_Men's_5000_metres,Final,12,,Yann Schrub,France,13:20.63,
https://en.wikipedia.org/wiki/Athletics_at_the_2024_Summer_Olympics_–_Men's_5000_metres,Final,13,,Mike Foppen,Netherlands,13:21.56,
https://en.wikipedia.org/wiki/Athletics_at_the_2024_Summer_Olympics_–_Men's_5000_metres,Final,14,,Addisu Yihune,Ethiopia,13:22.33,
https://en.wikipedia.org/wiki/Athletics_at_the_2024_Summer_Olympics_–_Men's_5000_metres,Final,15,,Thierry Ndikumwenayo,Spain,13:24.07,
https://en.wikipedia.org/wiki/Athletics_at_the_2024_Summer_Olympics_–_Men's_5000_metres,Final,16,,Hugo Hay,France,13:26.71,SB
https://en.wikipedia.org/wiki/Athletics_at_the_2024_Summer_Olympics_–_Men's_5000_metres,Final,17,,Narve Gilje Nordås,Norway,13:31.34,
https://en.wikipedia.org/wiki/Athletics_at_the_2024_Summer_Olympics_–_Men's_5000_metres,Final,18,,Stewart McSweyn,Australia,13:31.38,
https://en.wikipedia.org/wiki/Athletics_at_the_2024_Summer_Olympics_–_Men's_5000_metres,Final,19,,Dawit Seare,Eritrea,13:31.50,
https://en.wikipedia.org/wiki/Athletics_at_the_2024_Summer_Olympics_–_Men's_5000_metres,Final,20,,Oscar Chelimo,Uganda,13:31.56,
https://en.wikipedia.org/wiki/Athletics_at_the_2024_Summer_Olympics_–_Men's_5000_metres,Final,21,,George Mills,Great Britain,13:32.32,
https://en.wikipedia.org/wiki/Athletics_at_the_2024_Summer_Olympics_–_Men's_5000_metres,Final,22,,Thomas Fafard,Canada,13:49.69,
https://en.wikipedia.org/wiki/Athletics_at_the_2024_Summer_Olympics_–_Women's_5000_metres,Heat 1,1,,Faith Kipyegon,Kenya,14:57.56,Q
https://en.wikipedia.org/wiki/Athletics_at_the_2024_Summer_Olympics_–_Women's_5000_metres,Heat 1,2,,Sifan Hassan,Netherlands,14:57.65 (.641),Q
https://en.wikipedia.org/wiki/Athletics_at_the_2024_Summer_Olympics_–_Women's_5000_metres,Heat 1,3,,Nadia Battocletti,Italy,14:57.65 (.647),Q
https://en.wikipedia.org/wiki/Athletics_at_the_2024_Summer_Olympics_–_Women's_5000_metres,Heat 1,4,,Margaret Kipkemboi,Kenya,14:57.70,Q
https://en.wikipedia.org/wiki/Athletics_at_the_2024_Summer_Olympics_–_Women's_5000_metres,Heat 1,5,,Gudaf Tsegay,Ethiopia,14:57.84,"Q,SB"
https://en.wikipedia.org/wiki/Athletics_at_the_2024_Summer_Olympics_–_Women's_5000_metres,Heat 1,6,,Ejgayehu Taye,Ethiopia,14:57.97,Q
https://en.wikipedia.org/wiki/Athletics_at_the_2024_Summer_Olympics_–_Women's_5000_metres,Heat 1,7,,Elise Cranny,United States,14:58.55,Q
https://en.wikipedia.org/wiki/Athletics_at_the_2024_Summer_Olympics_–_Women's_5000_metres,Heat 1,8,,Karissa Schweizer,United States,14:59.64,Q
https://en.wikipedia.org/wiki/Athletics_at_the_2024_Summer_Olympics_–_Women's_5000_metres,Heat 1,9,,Nozomi Tanaka,Japan,15:00.62,
https://en.wikipedia.org/wiki/Athletics_at_the_2024_Summer_Olympics_–_Women's_5000_metres,Heat 1,10,,Marta García,Spain,15:08.87,
https://en.wikipedia.org/wiki/Athletics_at_the_2024_Summer_Olympics_–_Women's_5000_metres,Heat 1,11,,Mariana Machado,Portugal,15:23.26,
https://en.wikipedia.org/wiki/Athletics_at_the_2024_Summer_Olympics_–_Women's_5000_metres,Heat 1,-,,Belinda Chemutai,Uganda,15:23.90,DSQ[12]
https://en.wikipedia.org/wiki/Athletics_at_the_2024_Summer_Olympics_–_Women's_5000_metres,Heat 1,12,,Lauren Ryan,Australia,15:29.35,
https://en.wikipedia.org/wiki/Athletics_at_the_2024_Summer_Olympics_–_Women's_5000_metres,Heat 1,13,,Hanna Klein,Germany,15:31.85,
https://en.wikipedia.org/wiki/Athletics_at_the_2024_Summer_Olympics_–_Women's_5000_metres,Heat 1,14,,Lisa Rooms,Belgium,15:37.55,
https://en.wikipedia.org/wiki/Athletics_at_the_2024_Summer_Olympics_–_Women's_5000_metres,Heat 1,15,,Agate Caune,Latvia,15:38.19,
https://en.wikipedia.org/wiki/Athletics_at_the_2024_Summer_Olympics_–_Women's_5000_metres,Heat 1,16,,Yuma Yamamoto,Japan,15:43.67,
https://en.wikipedia.org/wiki/Athletics_at_the_2024_Summer_Olympics_–_Women's_5000_metres,Heat 1,17,,Alma Delia Cortés,Mexico,15:45.33,
https://en.wikipedia.org/wiki/Athletics_at_the_2024_Summer_Olympics_–_Women's_5000_metres,Heat 1,18,,Briana Scott,Canada,15:47.30,
https://en.wikipedia.org/wiki/Athletics_at_the_2024_Summer_Olympics_–_Women's_5000_metres,Heat 1,19,,Ankita Dhyani,India,16:19.38,
https://en.wikipedia.org/wiki/Athletics_at_the_2024_Summer_Olympics_–_Women's_5000_metres,Heat 1,,,Joy Cheptoyek,Uganda,DNS,
https://en.wikipedia.org/wiki/Athletics_at_the_2024_Summer_Olympics_–_Women's_5000_metres,Heat 2,1,,Beatrice Chebet,Kenya,15:00.73,Q
https://en.wikipedia.org/wiki/Athletics_at_the_2024_Summer_Olympics_–_Women's_5000_metres,Heat 2,2,,Medina Eisa,Ethiopia,15:00.82,Q
https://en.wikipedia.org/wiki/Athletics_at_the_2024_Summer_Olympics_–_Women's_5000_metres,Heat 2,3,,Rose Davies,Australia,15:00.86,Q
https://en.wikipedia.org/wiki/Athletics_at_the_2024_Summer_Olympics_–_Women's_5000_metres,Heat 2,4,,Karoline Bjerkeli Grøvdal,Norway,15:01.14,Q
https://en.wikipedia.org/wiki/Athletics_at_the_2024_Summer_Olympics_–_Women's_5000_metres,Heat 2,5,,Francine Niyomukunzi,Burundi,15:01.42,Q
https://en.wikipedia.org/wiki/Athletics_at_the_2024_Summer_Olympics_–_Women's_5000_metres,Heat 2,6,,Whittni Morgan,United States,15:02.14,"Q,SB"
https://en.wikipedia.org/wiki/Athletics_at_the_2024_Summer_Olympics_–_Women's_5000_metres,Heat 2,7,,Nathalie Blomqvist,Finland,15:02.75,Q
https://en.wikipedia.org/wiki/Athletics_at_the_2024_Summer_Olympics_–_Women's_5000_metres,Heat 2,8,,Joselyn Brea,Venezuela,15:02.89,Q
https://en.wikipedia.org/wiki/Athletics_at_the_2024_Summer_Olympics_–_Women's_5000_metres,Heat 2,9,,Isobel Batt-Doyle,Australia,15:03.64,
https://en.wikipedia.org/wiki/Athletics_at_the_2024_Summer_Olympics_–_Women's_5000_metres,Heat 2,10,,Maureen Koster,Netherlands,15:03.66,
https://en.wikipedia.org/wiki/Athletics_at_the_2024_Summer_Olympics_–_Women's_5000_metres,Heat 2,11,,Laura Galván,Mexico,15:05.20,SB
https://en.wikipedia.org/wiki/Athletics_at_the_2024_Summer_Olympics_–_Women's_5000_metres,Heat 2,12,,Klara Lukan,Slovenia,15:09.61,
https://en.wikipedia.org/wiki/Athletics_at_the_2024_Summer_Olympics_–_Women's_5000_metres,Heat 2,13,,Esther Chebet,Uganda,15:10.46,
https://en.wikipedia.org/wiki/Athletics_at_the_2024_Summer_Olympics_–_Women's_5000_metres,Heat 2,14,,Parul Chaudhary,India,15:10.68,SB
https://en.wikipedia.org/wiki/Athletics_at_the_2024_Summer_Olympics_–_Women's_5000_metres,Heat 2,15,,Samiyah Hassan Nour,Djibouti,15:13.63,
https://en.wikipedia.org/wiki/Athletics_at_the_2024_Summer_Olympics_–_Women's_5000_metres,Heat 2,16,,Federica Del Buono,Italy,15:15.54,
https://en.wikipedia.org/wiki/Athletics_at_the_2024_Summer_Olympics_–_Women's_5000_metres,Heat 2,17,,Sarah Madeleine,France,15:18.62,
https://en.wikipedia.org/wiki/Athletics_at_the_2024_Summer_Olympics_–_Women's_5000_metres,Heat 2,18,,Viktória Wagner-Gyürkés,Hungary,15:48.24,
https://en.wikipedia.org/wiki/Athletics_at_the_2024_Summer_Olympics_–_Women's_5000_metres,Heat 2,19,,Wakana Kabasawa,Japan,15:50.86,
https://en.wikipedia.org/wiki/Athletics_at_the_2024_Summer_Olympics_–_Women's_5000_metres,Heat 2,20,,Jodie McCann,Ireland,15:55.08,
https://en.wikipedia.org/wiki/Athletics_at_the_2024_Summer_Olympics_–_Women's_5000_metres,Final,,,Beatrice Chebet,Kenya,14:28.56,
https://en.wikipedia.org/wiki/Athletics_at_the_2024_Summer_Olympics_–_Women's_5000_metres,Final,,,Faith Kipyegon,Kenya,14:29.60,SB
https://en.wikipedia.org/wiki/Athletics_at_the_2024_Summer_Olympics_–_Women's_5000_metres,Final,,,Sifan Hassan,Netherlands,14:30.61,SB
https://en.wikipedia.org/wiki/Athletics_at_the_2024_Summer_Olympics_–_Women's_5000_metres,Final,4,,Nadia Battocletti,Italy,14:31.64,NR
https://en.wikipedia.org/wiki/Athletics_at_the_2024_Summer_Olympics_–_Women's_5000_metres,Final,5,,Margaret Kipkemboi,Kenya,14:32.23,SB
https://en.wikipedia.org/wiki/Athletics_at_the_2024_Summer_Olympics_–_Women's_5000_metres,Final,6,,Ejgayehu Taye,Ethiopia,14:32.98,
https://en.wikipedia.org/wiki/Athletics_at_the_2024_Summer_Olympics_–_Women's_5000_metres,Final,7,,Medina Eisa,Ethiopia,14:35.43,
https://en.wikipedia.org/wiki/Athletics_at_the_2024_Summer_Olympics_–_Women's_5000_metres,Final,8,,Karoline Bjerkeli Grøvdal,Norway,14:43.21,
https://en.wikipedia.org/wiki/Athletics_at_the_2024_Summer_Olympics_–_Women's_5000_metres,Final,9,,Gudaf Tsegay,Ethiopia,14:45.21,SB
https://en.wikipedia.org/wiki/Athletics_at_the_2024_Summer_Olympics_–_Women's_5000_metres,Final,10,,Karissa Schweizer,United States,14:45.57,
https://en.wikipedia.org/wiki/Athletics_at_the_2024_Summer_Olympics_–_Women's_5000_metres,Final,11,,Elise Cranny,United States,14:48.06,
https://en.wikipedia.org/wiki/Athletics_at_the_2024_Summer_Olympics_–_Women's_5000_metres,Final,12,,Rose Davies,Australia,14:49.67,
https://en.wikipedia.org/wiki/Athletics_at_the_2024_Summer_Olympics_–_Women's_5000_metres,Final,13,,Nathalie Blomqvist,Finland,14:53.10,
https://en.wikipedia.org/wiki/Athletics_at_the_2024_Summer_Olympics_–_Women's_5000_metres,Final,14,,Whittni Morgan,United States,14:53.57,PB
https://en.wikipedia.org/wiki/Athletics_at_the_2024_Summer_Olympics_–_Women's_5000_metres,Final,15,,Joselyn Brea,Venezuela,15:17.04,
https://en.wikipedia.org/wiki/Athletics_at_the_2024_Summer_Olympics_–_Women's_5000_metres,Final,16,,Francine Niyomukunzi,Burundi,15:22.40,
"https://en.wikipedia.org/wiki/Athletics_at_the_2024_Summer_Olympics_–_Men's_10,000_metres",Final,,,Joshua Cheptegei,Uganda,26:43.14,OR
"https://en.wikipedia.org/wiki/Athletics_at_the_2024_Summer_Olympics_–_Men's_10,000_metres",Final,,,Berihu Aregawi,Ethiopia,26:43.44,
"https://en.wikipedia.org/wiki/Athletics_at_the_2024_Summer_Olympics_–_Men's_10,000_metres",Final,,,Grant Fisher,United States,26:43.46,SB
"https://en.wikipedia.org/wiki/Athletics_at_the_2024_Summer_Olympics_–_Men's_10,000_metres",Final,4,,Mohammed Ahmed,Canada,26:43.79,SB
"https://en.wikipedia.org/wiki/Athletics_at_the_2024_Summer_Olympics_–_Men's_10,000_metres",Final,5,,Yomif Kejelcha,Ethiopia,26:44.02,
"https://en.wikipedia.org/wiki/Athletics_at_the_2024_Summer_Olympics_–_Men's_10,000_metres",Final,6,,Selemon Barega,Ethiopia,26:44.48,
"https://en.wikipedia.org/wiki/Athletics_at_the_2024_Summer_Olympics_–_Men's_10,000_metres",Final,7,,Jacob Kiplimo,Uganda,26:46.39,SB
"https://en.wikipedia.org/wiki/Athletics_at_the_2024_Summer_Olympics_–_Men's_10,000_metres",Final,8,,Thierry Ndikumwenayo,Spain,26:49.49,NR
"https://en.wikipedia.org/wiki/Athletics_at_the_2024_Summer_Olympics_–_Men's_10,000_metres",Final,9,,Adriaan Wildschutt,South Africa,26:50.64,NR
"https://en.wikipedia.org/wiki/Athletics_at_the_2024_Summer_Olympics_–_Men's_10,000_metres",Final,10,,Daniel Mateiko,Kenya,26:50.83,
"https://en.wikipedia.org/wiki/Athletics_at_the_2024_Summer_Olympics_–_Men's_10,000_metres",Final,11,,Nico Young,United States,26:58.11,
"https://en.wikipedia.org/wiki/Athletics_at_the_2024_Summer_Olympics_–_Men's_10,000_metres",Final,12,,Jimmy Gressier,France,26:58.67,NR
"https://en.wikipedia.org/wiki/Athletics_at_the_2024_Summer_Olympics_–_Men's_10,000_metres",Final,13,,Nicholas Kipkorir,Kenya,27:23.97,
"https://en.wikipedia.org/wiki/Athletics_at_the_2024_Summer_Olympics_–_Men's_10,000_metres",Final,14,,Merhawi Mebrahtu,Eritrea,27:24.25,
"https://en.wikipedia.org/wiki/Athletics_at_the_2024_Summer_Olympics_–_Men's_10,000_metres",Final,15,,William Kincaid,United States,27:29.40,
"https://en.wikipedia.org/wiki/Athletics_at_the_2024_Summer_Olympics_–_Men's_10,000_metres",Final,16,,Birhanu Balew,Bahrain,27:30.94,SB
"https://en.wikipedia.org/wiki/Athletics_at_the_2024_Summer_Olympics_–_Men's_10,000_metres",Final,17,,Jamal Abdelmaji Eisa Mohammed,Refugee Olympic Team,27:35.92,PB
"https://en.wikipedia.org/wiki/Athletics_at_the_2024_Summer_Olympics_–_Men's_10,000_metres",Final,18,,Isaac Kimeli,Belgium,27:51.52,
"https://en.wikipedia.org/wiki/Athletics_at_the_2024_Summer_Olympics_–_Men's_10,000_metres",Final,19,,Jun Kasai,Japan,27:53.18,
"https://en.wikipedia.org/wiki/Athletics_at_the_2024_Summer_Olympics_–_Men's_10,000_metres",Final,20,,Yves Nimubona,Rwanda,27:54.12,
"https://en.wikipedia.org/wiki/Athletics_at_the_2024_Summer_Olympics_–_Men's_10,000_metres",Final,21,,Martin Magengo Kiprotich,Uganda,28:20.72,
"https://en.wikipedia.org/wiki/Athletics_at_the_2024_Summer_Olympics_–_Men's_10,000_metres",Final,22,,Abdessamad Oukhelfen,Spain,28:21.90,
"https://en.wikipedia.org/wiki/Athletics_at_the_2024_Summer_Olympics_–_Men's_10,000_metres",Final,23,,Tomoki Ota,Japan,29:12.48,
"https://en.wikipedia.org/wiki/Athletics_at_the_2024_Summer_Olympics_–_Men's_10,000_metres",Final,,,Yann Schrub,France,DNF,
"https://en.wikipedia.org/wiki/Athletics_at_the_2024_Summer_Olympics_–_Men's_10,000_metres",Final,,,Benard Kibet,Kenya,26:43.98,DSQ[9]
"https://en.wikipedia.org/wiki/Athletics_at_the_2024_Summer_Olympics_–_Men's_10,000_metres",Final,,,Rodrigue Kwizera,Burundi,DNS,
"https://en.wikipedia.org/wiki/Athletics_at_the_2024_Summer_Olympics_–_Men's_10,000_metres",Final,,,Célestin Ndikumana,Burundi,DNS,
"https://en.wikipedia.org/wiki/Athletics_at_the_2024_Summer_Olympics_–_Women's_10,000_metres",Final,,,Beatrice Chebet,Kenya,30:43.25,
"https://en.wikipedia.org/wiki/Athletics_at_the_2024_Summer_Olympics_–_Women's_10,000_metres",Final,,,Nadia Battocletti,Italy,30:43.35,NR
"https://en.wikipedia.org/wiki/Athletics_at_the_2024_Summer_Olympics_–_Women's_10,000_metres",Final,,,Sifan Hassan,Netherlands,30:44.12,SB
"https://en.wikipedia.org/wiki/Athletics_at_the_2024_Summer_Olympics_–_Women's_10,000_metres",Final,4,,Margaret Kipkemboi,Kenya,30:44.58,
"https://en.wikipedia.org/wiki/Athletics_at_the_2024_Summer_Olympics_–_Women's_10,000_metres",Final,5,,Lilian Kasait Rengeruk,Kenya,30:45.04,
"https://en.wikipedia.org/wiki/Athletics_at_the_2024_Summer_Olympics_–_Women's_10,000_metres",Final,6,,Gudaf Tsegay,Ethiopia,30:45.21,
"https://en.wikipedia.org/wiki/Athletics_at_the_2024_Summer_Olympics_–_Women's_10,000_metres",Final,7,,Fotyen Tesfay,Ethiopia,30:46.93,
"https://en.wikipedia.org/wiki/Athletics_at_the_2024_Summer_Olympics_–_Women's_10,000_metres",Final,8,,Weini Kelati,United States,30:49.98,
"https://en.wikipedia.org/wiki/Athletics_at_the_2024_Summer_Olympics_–_Women's_10,000_metres",Final,9,,Karissa Schweizer,United States,30:51.99,SB
"https://en.wikipedia.org/wiki/Athletics_at_the_2024_Summer_Olympics_–_Women's_10,000_metres",Final,10,,Tsigie Gebreselama,Ethiopia,30:54.57,
"https://en.wikipedia.org/wiki/Athletics_at_the_2024_Summer_Olympics_–_Women's_10,000_metres",Final,11,,Parker Valby,United States,30:59.28,
"https://en.wikipedia.org/wiki/Athletics_at_the_2024_Summer_Olympics_–_Women's_10,000_metres",Final,12,,Sarah Chelangat,Uganda,31:02.37,
"https://en.wikipedia.org/wiki/Athletics_at_the_2024_Summer_Olympics_–_Women's_10,000_metres",Final,13,,Lauren Ryan,Australia,31:13.25,
"https://en.wikipedia.org/wiki/Athletics_at_the_2024_Summer_Olympics_–_Women's_10,000_metres",Final,14,,Francine Niyomukunzi,Burundi,31:17.02,PB
"https://en.wikipedia.org/wiki/Athletics_at_the_2024_Summer_Olympics_–_Women's_10,000_metres",Final,15,,Eilish McColgan,Great Britain,31:20.51,SB
"https://en.wikipedia.org/wiki/Athletics_at_the_2024_Summer_Olympics_–_Women's_10,000_metres",Final,16,,Diane van Es,Netherlands,31:25.51,
"https://en.wikipedia.org/wiki/Athletics_at_the_2024_Summer_Olympics_–_Women's_10,000_metres",Final,17,,Daisy Jepkemei,Kazakhstan,31:26.55,
"https://en.wikipedia.org/wiki/Athletics_at_the_2024_Summer_Olympics_–_Women's_10,000_metres",Final,18,,Rino Goshima,Japan,31:29.48,
"https://en.wikipedia.org/wiki/Athletics_at_the_2024_Summer_Olympics_–_Women's_10,000_metres",Final,19,,Haruka Kokai,Japan,31:44.03,
"https://en.wikipedia.org/wiki/Athletics_at_the_2024_Summer_Olympics_–_Women's_10,000_metres",Final,20,,Klara Lukan,Slovenia,31:45.15,
"https://en.wikipedia.org/wiki/Athletics_at_the_2024_Summer_Olympics_–_Women's_10,000_metres",Final,21,,Annet Chemengich Chelangat,Uganda,31:50.41,PB
"https://en.wikipedia.org/wiki/Athletics_at_the_2024_Summer_Olympics_–_Women's_10,000_metres",Final,22,,Yuka Takashima,Japan,31:52.07,SB
"https://en.wikipedia.org/wiki/Athletics_at_the_2024_Summer_Olympics_–_Women's_10,000_metres",Final,23,,Megan Keith,Great Britain,33:19.92,
"https://en.wikipedia.org/wiki/Athletics_at_the_2024_Summer_Olympics_–_Women's_10,000_metres",Final,–,,Rahel Daniel,Eritrea,DNF,
"https://en.wikipedia.org/wiki/Athletics_at_the_2024_Summer_Olympics_–_Women's_10,000_metres",Final,–,,Alessia Zarbo,France,DNF,
https://en.wikipedia.org/wiki/Athletics_at_the_2024_Summer_Olympics_–_Women's_100_metres_hurdles,Heat 1,1,9,Tobi Amusan,Nigeria,12.49,Q
https://en.wikipedia.org/wiki/Athletics_at_the_2024_Summer_Olympics_–_Women's_100_metres_hurdles,Heat 1,2,7,Alaysha Johnson,United States,12.61,Q
https://en.wikipedia.org/wiki/Athletics_at_the_2024_Summer_Olympics_–_Women's_100_metres_hurdles,Heat 1,3,4,Janeek Brown,Jamaica,12.84,Q
https://en.wikipedia.org/wiki/Athletics_at_the_2024_Summer_Olympics_–_Women's_100_metres_hurdles,Heat 1,4,2,Mako Fukube,Japan,12.85,q
https://en.wikipedia.org/wiki/Athletics_at_the_2024_Summer_Olympics_–_Women's_100_metres_hurdles,Heat 1,5,3,Sidonie Fiadanantsoa,Madagascar,12.92,
https://en.wikipedia.org/wiki/Athletics_at_the_2024_Summer_Olympics_–_Women's_100_metres_hurdles,Heat 1,6,8,Wu Yanni,China,12.97,
https://en.wikipedia.org/wiki/Athletics_at_the_2024_Summer_Olympics_–_Women's_100_metres_hurdles,Heat 1,7,5,Maayke Tjin-A-Lim,Netherlands,12.98,
https://en.wikipedia.org/wiki/Athletics_at_the_2024_Summer_Olympics_–_Women's_100_metres_hurdles,Heat 1,8,6,Maribel Caicedo,Ecuador,13.05,
https://en.wikipedia.org/wiki/Athletics_at_the_2024_Summer_Olympics_–_Women's_100_metres_hurdles,Heat 2,1,2,Jasmine Camacho-Quinn,Puerto Rico,12.42,Q
https://en.wikipedia.org/wiki/Athletics_at_the_2024_Summer_Olympics_–_Women's_100_metres_hurdles,Heat 2,2,9,Cindy Sember,Great Britain,12.62,Q
https://en.wikipedia.org/wiki/Athletics_at_the_2024_Summer_Olympics_–_Women's_100_metres_hurdles,Heat 2,3,8,Pia Skrzyszowska,Poland,12.72,Q
https://en.wikipedia.org/wiki/Athletics_at_the_2024_Summer_Olympics_–_Women's_100_metres_hurdles,Heat 2,4,7,Denisha Cartwright,Bahamas,12.89,
https://en.wikipedia.org/wiki/Athletics_at_the_2024_Summer_Olympics_–_Women's_100_metres_hurdles,Heat 2,5,4,Yumi Tanaka,Japan,12.90,
https://en.wikipedia.org/wiki/Athletics_at_the_2024_Summer_Olympics_–_Women's_100_metres_hurdles,Heat 2,6,6,Ebony Morrison,Liberia,12.93,
https://en.wikipedia.org/wiki/Athletics_at_the_2024_Summer_Olympics_–_Women's_100_metres_hurdles,Heat 2,7,3,Celeste Mucci,Australia,13.05,
https://en.wikipedia.org/wiki/Athletics_at_the_2024_Summer_Olympics_–_Women's_100_metres_hurdles,Heat 2,8,5,Emelia Chatfield,Haiti,13.06,
https://en.wikipedia.org/wiki/Athletics_at_the_2024_Summer_Olympics_–_Women's_100_metres_hurdles,Heat 3,1,6,Masai Russell,United States,12.53,Q
https://en.wikipedia.org/wiki/Athletics_at_the_2024_Summer_Olympics_–_Women's_100_metres_hurdles,Heat 3,1,9,Nadine Visser,Netherlands,12.53,Q
https://en.wikipedia.org/wiki/Athletics_at_the_2024_Summer_Olympics_–_Women's_100_metres_hurdles,Heat 3,3,3,Cyrena Samba-Mayela,France,12.56,Q
https://en.wikipedia.org/wiki/Athletics_at_the_2024_Summer_Olympics_–_Women's_100_metres_hurdles,Heat 3,4,8,Charisma Taylor,Bahamas,12.78,q
https://en.wikipedia.org/wiki/Athletics_at_the_2024_Summer_Olympics_–_Women's_100_metres_hurdles,Heat 3,5,2,Mariam Abdul-Rashid,Canada,12.80,q
https://en.wikipedia.org/wiki/Athletics_at_the_2024_Summer_Olympics_–_Women's_100_metres_hurdles,Heat 3,6,7,Reetta Hurske,Finland,12.96,
https://en.wikipedia.org/wiki/Athletics_at_the_2024_Summer_Olympics_–_Women's_100_metres_hurdles,Heat 3,7,5,Gréta Kerekes,Hungary,13.50,
https://en.wikipedia.org/wiki/Athletics_at_the_2024_Summer_Olympics_–_Women's_100_metres_hurdles,Heat 3,8,4,Michelle Jenneke,Australia,20.85,
https://en.wikipedia.org/wiki/Athletics_at_the_2024_Summer_Olympics_–_Women's_100_metres_hurdles,Heat 4,1,9,Danielle Williams,Jamaica,12.59,Q
https://en.wikipedia.org/wiki/Athletics_at_the_2024_Summer_Olympics_–_Women's_100_metres_hurdles,Heat 4,2,6,Sarah Lavin,Ireland,12.73,Q
https://en.wikipedia.org/wiki/Athletics_at_the_2024_Summer_Olympics_–_Women's_100_metres_hurdles,Heat 4,3,2,Ditaji Kambundji,Switzerland,12.81,Q
https://en.wikipedia.org/wiki/Athletics_at_the_2024_Summer_Olympics_–_Women's_100_metres_hurdles,Heat 4,4,4,Marione Fourie,South Africa,12.91,
https://en.wikipedia.org/wiki/Athletics_at_the_2024_Summer_Olympics_–_Women's_100_metres_hurdles,Heat 4,5,8,Laëticia Bapté,France,13.04,
https://en.wikipedia.org/wiki/Athletics_at_the_2024_Summer_Olympics_–_Women's_100_metres_hurdles,Heat 4,6,5,Luca Kozák,Hungary,13.11,
https://en.wikipedia.org/wiki/Athletics_at_the_2024_Summer_Olympics_–_Women's_100_metres_hurdles,Heat 4,7,3,Jyothi Yarraji,India,13.16,
https://en.wikipedia.org/wiki/Athletics_at_the_2024_Summer_Olympics_–_Women's_100_metres_hurdles,Heat 4,,7,Yoveinny Mota,Venezuela,DQ,
https://en.wikipedia.org/wiki/Athletics_at_the_2024_Summer_Olympics_–_Women's_100_metres_hurdles,Heat 5,1,3,Ackera Nugent,Jamaica,12.65,Q
https://en.wikipedia.org/wiki/Athletics_at_the_2024_Summer_Olympics_–_Women's_100_metres_hurdles,Heat 5,2,2,Devynne Charlton,Bahamas,12.71,Q
https://en.wikipedia.org/wiki/Athletics_at_the_2024_Summer_Olympics_–_Women's_100_metres_hurdles,Heat 5,3,9,Grace Stark,United States,12.72,Q
https://en.wikipedia.org/wiki/Athletics_at_the_2024_Summer_Olympics_–_Women's_100_metres_hurdles,Heat 5,4,5,Liz Clay,Australia,12.94,
https://en.wikipedia.org/wiki/Athletics_at_the_2024_Summer_Olympics_–_Women's_100_metres_hurdles,Heat 5,5,4,Lotta Harala,Finland,12.97,
https://en.wikipedia.org/wiki/Athletics_at_the_2024_Summer_Olympics_–_Women's_100_metres_hurdles,Heat 5,6,7,Viktória Forster,Slovakia,13.08,
https://en.wikipedia.org/wiki/Athletics_at_the_2024_Summer_Olympics_–_Women's_100_metres_hurdles,Heat 5,7,6,Lin Yuwei,China,13.24,
https://en.wikipedia.org/wiki/Athletics_at_the_2024_Summer_Olympics_–_Women's_100_metres_hurdles,Heat 5,8,8,Michelle Harrison,Canada,13.40,
https://en.wikipedia.org/wiki/Athletics_at_the_2024_Summer_Olympics_–_Women's_100_metres_hurdles,Heat 1,1,4,Marione Fourie,South Africa,12.79,Q
https://en.wikipedia.org/wiki/Athletics_at_the_2024_Summer_Olympics_–_Women's_100_metres_hurdles,Heat 1,2,5,Maayke Tjin-A-Lim,Netherlands,12.87,"Q,SB"
https://en.wikipedia.org/wiki/Athletics_at_the_2024_Summer_Olympics_–_Women's_100_metres_hurdles,Heat 1,3,2,Viktória Forster,Slovakia,12.88,
https://en.wikipedia.org/wiki/Athletics_at_the_2024_Summer_Olympics_–_Women's_100_metres_hurdles,Heat 1,4,8,Jyothi Yarraji,India,13.17,
https://en.wikipedia.org/wiki/Athletics_at_the_2024_Summer_Olympics_–_Women's_100_metres_hurdles,Heat 1,5,7,Gréta Kerekes,Hungary,13.20,
https://en.wikipedia.org/wiki/Athletics_at_the_2024_Summer_Olympics_–_Women's_100_metres_hurdles,Heat 1,6,3,Emelia Chatfield,Haiti,13.24,
https://en.wikipedia.org/wiki/Athletics_at_the_2024_Summer_Olympics_–_Women's_100_metres_hurdles,Heat 1,7,6,Michelle Jenneke,Australia,13.86,
https://en.wikipedia.org/wiki/Athletics_at_the_2024_Summer_Olympics_–_Women's_100_metres_hurdles,Heat 2,1,4,Ebony Morrison,Liberia,12.82,Q
https://en.wikipedia.org/wiki/Athletics_at_the_2024_Summer_Olympics_–_Women's_100_metres_hurdles,Heat 2,2,2,Maribel Caicedo,Ecuador,12.83 (.828),Q
https://en.wikipedia.org/wiki/Athletics_at_the_2024_Summer_Olympics_–_Women's_100_metres_hurdles,Heat 2,3,6,Reetta Hurske,Finland,12.83 (.830),
https://en.wikipedia.org/wiki/Athletics_at_the_2024_Summer_Olympics_–_Women's_100_metres_hurdles,Heat 2,4,8,Laëticia Bapté,France,12.92,
https://en.wikipedia.org/wiki/Athletics_at_the_2024_Summer_Olympics_–_Women's_100_metres_hurdles,Heat 2,5,3,Celeste Mucci,Australia,13.00,
https://en.wikipedia.org/wiki/Athletics_at_the_2024_Summer_Olympics_–_Women's_100_metres_hurdles,Heat 2,6,5,Lin Yuwei,China,13.13,
https://en.wikipedia.org/wiki/Athletics_at_the_2024_Summer_Olympics_–_Women's_100_metres_hurdles,Heat 2,7,7,Michelle Harrison,Canada,13.30,
https://en.wikipedia.org/wiki/Athletics_at_the_2024_Summer_Olympics_–_Women's_100_metres_hurdles,Heat 3,1,6,Lotta Harala,Finland,12.86,Q
https://en.wikipedia.org/wiki/Athletics_at_the_2024_Summer_Olympics_–_Women's_100_metres_hurdles,Heat 3,2,8,Yumi Tanaka,Japan,12.89,Q
https://en.wikipedia.org/wiki/Athletics_at_the_2024_Summer_Olympics_–_Women's_100_metres_hurdles,Heat 3,3,2,Luca Kozák,Hungary,12.96,SB
https://en.wikipedia.org/wiki/Athletics_at_the_2024_Summer_Olympics_–_Women's_100_metres_hurdles,Heat 3,4,3,Wu Yanni,China,12.98,
https://en.wikipedia.org/wiki/Athletics_at_the_2024_Summer_Olympics_–_Women's_100_metres_hurdles,Heat 3,5,5,Liz Clay,Australia,12.99,
https://en.wikipedia.org/wiki/Athletics_at_the_2024_Summer_Olympics_–_Women's_100_metres_hurdles,Heat 3,6,7,Sidonie Fiadanantsoa,Madagascar,13.12,
https://en.wikipedia.org/wiki/Athletics_at_the_2024_Summer_Olympics_–_Women's_100_metres_hurdles,Heat 3,7,4,Denisha Cartwright,Bahamas,13.45,
https://en.wikipedia.org/wiki/Athletics_at_the_2024_Summer_Olympics_–_Women's_100_metres_hurdles,Semifinal 1,1,4,Grace Stark,United States,12.39,Q
https://en.wikipedia.org/wiki/Athletics_at_the_2024_Summer_Olympics_–_Women's_100_metres_hurdles,Semifinal 1,2,7,Devynne Charlton,Bahamas,12.50,Q
https://en.wikipedia.org/wiki/Athletics_at_the_2024_Summer_Olympics_–_Women's_100_metres_hurdles,Semifinal 1,3,6,Tobi Amusan,Nigeria,12.55 (.548),
https://en.wikipedia.org/wiki/Athletics_at_the_2024_Summer_Olympics_–_Women's_100_metres_hurdles,Semifinal 1,3,8,Pia Skrzyszowska,Poland,12.55 (.548),
https://en.wikipedia.org/wiki/Athletics_at_the_2024_Summer_Olympics_–_Women's_100_metres_hurdles,Semifinal 1,5,3,Mariam Abdul-Rashid,Canada,12.60,PB
https://en.wikipedia.org/wiki/Athletics_at_the_2024_Summer_Olympics_–_Women's_100_metres_hurdles,Semifinal 1,6,5,Danielle Williams,Jamaica,12.82,
https://en.wikipedia.org/wiki/Athletics_at_the_2024_Summer_Olympics_–_Women's_100_metres_hurdles,Semifinal 1,7,9,Yumi Tanaka,Japan,12.91,
https://en.wikipedia.org/wiki/Athletics_at_the_2024_Summer_Olympics_–_Women's_100_metres_hurdles,Semifinal 1,,2,Ebony Morrison,Liberia,DQ,
https://en.wikipedia.org/wiki/Athletics_at_the_2024_Summer_Olympics_–_Women's_100_metres_hurdles,Semifinal 2,1,4,Alaysha Johnson,United States,12.34,Q
https://en.wikipedia.org/wiki/Athletics_at_the_2024_Summer_Olympics_–_Women's_100_metres_hurdles,Semifinal 2,2,7,Nadine Visser,Netherlands,12.43,Q
https://en.wikipedia.org/wiki/Athletics_at_the_2024_Summer_Olympics_–_Women's_100_metres_hurdles,Semifinal 2,3,8,Charisma Taylor,Bahamas,12.63,PB
https://en.wikipedia.org/wiki/Athletics_at_the_2024_Summer_Olympics_–_Women's_100_metres_hurdles,Semifinal 2,4,9,Maribel Caicedo,Ecuador,12.67,
https://en.wikipedia.org/wiki/Athletics_at_the_2024_Summer_Olympics_–_Women's_100_metres_hurdles,Semifinal 2,5,6,Ditaji Kambundji,Switzerland,12.68,
https://en.wikipedia.org/wiki/Athletics_at_the_2024_Summer_Olympics_–_Women's_100_metres_hurdles,Semifinal 2,6,4,Sarah Lavin,Ireland,12.69,
https://en.wikipedia.org/wiki/Athletics_at_the_2024_Summer_Olympics_–_Women's_100_metres_hurdles,Semifinal 2,7,9,Janeek Brown,Jamaica,12.92,
https://en.wikipedia.org/wiki/Athletics_at_the_2024_Summer_Olympics_–_Women's_100_metres_hurdles,Semifinal 2,8,2,Lotta Harala,Finland,13.05,
https://en.wikipedia.org/wiki/Athletics_at_the_2024_Summer_Olympics_–_Women's_100_metres_hurdles,Semifinal 3,1,5,Jasmine Camacho-Quinn,Puerto Rico,12.35,Q
https://en.wikipedia.org/wiki/Athletics_at_the_2024_Summer_Olympics_–_Women's_100_metres_hurdles,Semifinal 3,2,7,Masai Russell,United States,12.42,Q
https://en.wikipedia.org/wiki/Athletics_at_the_2024_Summer_Olympics_–_Women's_100_metres_hurdles,Semifinal 3,3,4,Ackera Nugent,Jamaica,12.44,q
https://en.wikipedia.org/wiki/Athletics_at_the_2024_Summer_Olympics_–_Women's_100_metres_hurdles,Semifinal 3,4,6,Cyrena Samba-Mayela,France,12.52,q
https://en.wikipedia.org/wiki/Athletics_at_the_2024_Summer_Olympics_–_Women's_100_metres_hurdles,Semifinal 3,5,3,Mako Fukube,Japan,12.89,
https://en.wikipedia.org/wiki/Athletics_at_the_2024_Summer_Olympics_–_Women's_100_metres_hurdles,Semifinal 3,6,9,Marione Fourie,South Africa,13.01,
https://en.wikipedia.org/wiki/Athletics_at_the_2024_Summer_Olympics_–_Women's_100_metres_hurdles,Semifinal 3,7,2,Maayke Tjin-A-Lim,Netherlands,13.03,
https://en.wikipedia.org/wiki/Athletics_at_the_2024_Summer_Olympics_–_Women's_100_metres_hurdles,Semifinal 3,,8,Cindy Sember,Great Britain,DNF,
https://en.wikipedia.org/wiki/Athletics_at_the_2024_Summer_Olympics_–_Men's_110_metres_hurdles,Heat 1,1,8,Rachid Muratake,Japan,13.22,Q
https://en.wikipedia.org/wiki/Athletics_at_the_2024_Summer_Olympics_–_Men's_110_metres_hurdles,Heat 1,2,9,Enrique Llopis,Spain,13.28,Q
https://en.wikipedia.org/wiki/Athletics_at_the_2024_Summer_Olympics_–_Men's_110_metres_hurdles,Heat 1,3,4,Eduardo Rodrigues,Brazil,13.37,Q
https://en.wikipedia.org/wiki/Athletics_at_the_2024_Summer_Olympics_–_Men's_110_metres_hurdles,Heat 1,4,6,Manuel Mordi,Germany,13.48,
https://en.wikipedia.org/wiki/Athletics_at_the_2024_Summer_Olympics_–_Men's_110_metres_hurdles,Heat 1,5,7,Raphaël Mohamed,France,13.61,
https://en.wikipedia.org/wiki/Athletics_at_the_2024_Summer_Olympics_–_Men's_110_metres_hurdles,Heat 1,6,3,John Cabang,Philippines,13.66,
https://en.wikipedia.org/wiki/Athletics_at_the_2024_Summer_Olympics_–_Men's_110_metres_hurdles,Heat 1,7,5,Jakub Szymański,Poland,13.75,
https://en.wikipedia.org/wiki/Athletics_at_the_2024_Summer_Olympics_–_Men's_110_metres_hurdles,Heat 1,8,2,Martín Sáenz,Chile,13.83,
https://en.wikipedia.org/wiki/Athletics_at_the_2024_Summer_Olympics_–_Men's_110_metres_hurdles,Heat 2,1,9,Louis Francois Mendy,Senegal,13.31,"Q,SB"
https://en.wikipedia.org/wiki/Athletics_at_the_2024_Summer_Olympics_–_Men's_110_metres_hurdles,Heat 2,2,7,Orlando Bennett,Jamaica,13.35,Q
https://en.wikipedia.org/wiki/Athletics_at_the_2024_Summer_Olympics_–_Men's_110_metres_hurdles,Heat 2,3,6,Michael Obasuyi,Belgium,13.41,Q
https://en.wikipedia.org/wiki/Athletics_at_the_2024_Summer_Olympics_–_Men's_110_metres_hurdles,Heat 2,4,5,Asier Martínez,Spain,13.47,
https://en.wikipedia.org/wiki/Athletics_at_the_2024_Summer_Olympics_–_Men's_110_metres_hurdles,Heat 2,5,8,Amine Bouanani,Algeria,13.58,
https://en.wikipedia.org/wiki/Athletics_at_the_2024_Summer_Olympics_–_Men's_110_metres_hurdles,Heat 2,6,2,Enzo Diessl,Austria,13.63,
https://en.wikipedia.org/wiki/Athletics_at_the_2024_Summer_Olympics_–_Men's_110_metres_hurdles,Heat 2,7,4,David Yefremov,Kazakhstan,13.88,
https://en.wikipedia.org/wiki/Athletics_at_the_2024_Summer_Olympics_–_Men's_110_metres_hurdles,Heat 2,8,3,Freddie Crittenden,United States,18.27,
https://en.wikipedia.org/wiki/Athletics_at_the_2024_Summer_Olympics_–_Men's_110_metres_hurdles,Heat 3,1,7,Xu Zhuoyi,China,13.40,Q
https://en.wikipedia.org/wiki/Athletics_at_the_2024_Summer_Olympics_–_Men's_110_metres_hurdles,Heat 3,2,6,Antoine Andrews,Bahamas,13.43 (.421),Q
https://en.wikipedia.org/wiki/Athletics_at_the_2024_Summer_Olympics_–_Men's_110_metres_hurdles,Heat 3,3,3,Daniel Roberts,United States,13.43 (.423),Q
https://en.wikipedia.org/wiki/Athletics_at_the_2024_Summer_Olympics_–_Men's_110_metres_hurdles,Heat 3,4,2,Milan Trajkovic,Cyprus,13.43 (.425),q
https://en.wikipedia.org/wiki/Athletics_at_the_2024_Summer_Olympics_–_Men's_110_metres_hurdles,Heat 3,5,8,Hansle Parchment,Jamaica,13.43 (.430),q
https://en.wikipedia.org/wiki/Athletics_at_the_2024_Summer_Olympics_–_Men's_110_metres_hurdles,Heat 3,6,4,Rafael Pereira,Brazil,13.47,SB
https://en.wikipedia.org/wiki/Athletics_at_the_2024_Summer_Olympics_–_Men's_110_metres_hurdles,Heat 3,7,5,Craig Thorne,Canada,13.60,
https://en.wikipedia.org/wiki/Athletics_at_the_2024_Summer_Olympics_–_Men's_110_metres_hurdles,Heat 3,8,9,Krzysztof Kiljan,Poland,13.67,
https://en.wikipedia.org/wiki/Athletics_at_the_2024_Summer_Olympics_–_Men's_110_metres_hurdles,Heat 4,1,6,Jason Joseph,Switzerland,13.26,Q
https://en.wikipedia.org/wiki/Athletics_at_the_2024_Summer_Olympics_–_Men's_110_metres_hurdles,Heat 4,2,7,Lorenzo Simonelli,Italy,13.27 (.263),Q
https://en.wikipedia.org/wiki/Athletics_at_the_2024_Summer_Olympics_–_Men's_110_metres_hurdles,Heat 4,3,9,Shunsuke Izumiya,Japan,13.27 (.270),Q
https://en.wikipedia.org/wiki/Athletics_at_the_2024_Summer_Olympics_–_Men's_110_metres_hurdles,Heat 4,4,5,Tade Ojora,Great Britain,13.35,"q,SB"
https://en.wikipedia.org/wiki/Athletics_at_the_2024_Summer_Olympics_–_Men's_110_metres_hurdles,Heat 4,5,8,Wilhelm Belocian,France,13.48,SB
https://en.wikipedia.org/wiki/Athletics_at_the_2024_Summer_Olympics_–_Men's_110_metres_hurdles,Heat 4,6,2,Liu Junxi,China,13.54,
https://en.wikipedia.org/wiki/Athletics_at_the_2024_Summer_Olympics_–_Men's_110_metres_hurdles,Heat 4,7,3,Ellie Bacari,Belgium,13.66,
https://en.wikipedia.org/wiki/Athletics_at_the_2024_Summer_Olympics_–_Men's_110_metres_hurdles,Heat 4,8,4,Damian Czykier,Poland,13.99,
https://en.wikipedia.org/wiki/Athletics_at_the_2024_Summer_Olympics_–_Men's_110_metres_hurdles,Heat 5,1,6,Grant Holloway,United States,13.01,Q
https://en.wikipedia.org/wiki/Athletics_at_the_2024_Summer_Olympics_–_Men's_110_metres_hurdles,Heat 5,2,8,Rasheed Broadbell,Jamaica,13.42,Q
https://en.wikipedia.org/wiki/Athletics_at_the_2024_Summer_Olympics_–_Men's_110_metres_hurdles,Heat 5,3,9,Sasha Zhoya,France,13.43,Q
https://en.wikipedia.org/wiki/Athletics_at_the_2024_Summer_Olympics_–_Men's_110_metres_hurdles,Heat 5,4,5,Shunya Takayama,Japan,13.46,
https://en.wikipedia.org/wiki/Athletics_at_the_2024_Summer_Olympics_–_Men's_110_metres_hurdles,Heat 5,5,2,Tayleb Willis,Australia,13.63,
https://en.wikipedia.org/wiki/Athletics_at_the_2024_Summer_Olympics_–_Men's_110_metres_hurdles,Heat 5,6,3,Qin Weibo,China,13.64,
https://en.wikipedia.org/wiki/Athletics_at_the_2024_Summer_Olympics_–_Men's_110_metres_hurdles,Heat 5,7,4,Elmo Lakka,Finland,13.84,
https://en.wikipedia.org/wiki/Athletics_at_the_2024_Summer_Olympics_–_Men's_110_metres_hurdles,Heat 5,,7,Yaqoub Alyouha,Kuwait,DNF,
https://en.wikipedia.org/wiki/Athletics_at_the_2024_Summer_Olympics_–_Men's_110_metres_hurdles,Heat 1,1,2,Freddie Crittenden,United States,13.42,Q
https://en.wikipedia.org/wiki/Athletics_at_the_2024_Summer_Olympics_–_Men's_110_metres_hurdles,Heat 1,2,5,Asier Martínez,Spain,13.46,Q
https://en.wikipedia.org/wiki/Athletics_at_the_2024_Summer_Olympics_–_Men's_110_metres_hurdles,Heat 1,3,8,Liu Junxi,China,13.52,
https://en.wikipedia.org/wiki/Athletics_at_the_2024_Summer_Olympics_–_Men's_110_metres_hurdles,Heat 1,4,7,Enzo Diessl,Austria,13.56,
https://en.wikipedia.org/wiki/Athletics_at_the_2024_Summer_Olympics_–_Men's_110_metres_hurdles,Heat 1,5,4,Craig Thorne,Canada,13.62,
https://en.wikipedia.org/wiki/Athletics_at_the_2024_Summer_Olympics_–_Men's_110_metres_hurdles,Heat 1,6,6,Krzysztof Kiljan,Poland,13.73,
https://en.wikipedia.org/wiki/Athletics_at_the_2024_Summer_Olympics_–_Men's_110_metres_hurdles,Heat 1,7,3,Elmo Lakka,Finland,13.75,
https://en.wikipedia.org/wiki/Athletics_at_the_2024_Summer_Olympics_–_Men's_110_metres_hurdles,Heat 2,1,3,Rafael Pereira,Brazil,13.54 (.536),Q
https://en.wikipedia.org/wiki/Athletics_at_the_2024_Summer_Olympics_–_Men's_110_metres_hurdles,Heat 2,2,7,Raphaël Mohamed,France,13.54 (.538),Q
https://en.wikipedia.org/wiki/Athletics_at_the_2024_Summer_Olympics_–_Men's_110_metres_hurdles,Heat 2,3,6,Amine Bouanani,Algeria,13.54 (.539),
https://en.wikipedia.org/wiki/Athletics_at_the_2024_Summer_Olympics_–_Men's_110_metres_hurdles,Heat 2,4,5,Manuel Mordi,Germany,13.55,
https://en.wikipedia.org/wiki/Athletics_at_the_2024_Summer_Olympics_–_Men's_110_metres_hurdles,Heat 2,5,4,Damian Czykier,Poland,13.71,
https://en.wikipedia.org/wiki/Athletics_at_the_2024_Summer_Olympics_–_Men's_110_metres_hurdles,Heat 2,,2,David Yefremov,Kazakhstan,DQ,TR16.8
https://en.wikipedia.org/wiki/Athletics_at_the_2024_Summer_Olympics_–_Men's_110_metres_hurdles,Heat 2,,8,John Cabang,Philippines,DNS,
https://en.wikipedia.org/wiki/Athletics_at_the_2024_Summer_Olympics_–_Men's_110_metres_hurdles,Heat 3,1,3,Qin Weibo,China,13.44,Q
https://en.wikipedia.org/wiki/Athletics_at_the_2024_Summer_Olympics_–_Men's_110_metres_hurdles,Heat 3,2,2,Wilhelm Belocian,France,13.45 (.445),"Q,SB"
https://en.wikipedia.org/wiki/Athletics_at_the_2024_Summer_Olympics_–_Men's_110_metres_hurdles,Heat 3,3,7,Shunya Takayama,Japan,13.45 (.450),
https://en.wikipedia.org/wiki/Athletics_at_the_2024_Summer_Olympics_–_Men's_110_metres_hurdles,Heat 3,4,5,Jakub Szymański,Poland,13.63,
https://en.wikipedia.org/wiki/Athletics_at_the_2024_Summer_Olympics_–_Men's_110_metres_hurdles,Heat 3,5,6,Tayleb Willis,Australia,13.67,
https://en.wikipedia.org/wiki/Athletics_at_the_2024_Summer_Olympics_–_Men's_110_metres_hurdles,Heat 3,6,8,Martín Sáenz,Chile,13.95,
https://en.wikipedia.org/wiki/Athletics_at_the_2024_Summer_Olympics_–_Men's_110_metres_hurdles,Heat 3,7,4,Elie Bacari,Belgium,14.13,
https://en.wikipedia.org/wiki/Athletics_at_the_2024_Summer_Olympics_–_Men's_110_metres_hurdles,Semifinal 1,1,6,Grant Holloway,United States,12.98,Q
https://en.wikipedia.org/wiki/Athletics_at_the_2024_Summer_Olympics_–_Men's_110_metres_hurdles,Semifinal 1,2,5,Enrique Llopis,Spain,13.17,Q
https://en.wikipedia.org/wiki/Athletics_at_the_2024_Summer_Olympics_–_Men's_110_metres_hurdles,Semifinal 1,3,3,Hansle Parchment,Jamaica,13.19,"q,  =SB"
https://en.wikipedia.org/wiki/Athletics_at_the_2024_Summer_Olympics_–_Men's_110_metres_hurdles,Semifinal 1,4,4,Rachid Muratake,Japan,13.26,q
https://en.wikipedia.org/wiki/Athletics_at_the_2024_Summer_Olympics_–_Men's_110_metres_hurdles,Semifinal 1,5,8,Michael Obasuyi,Belgium,13.36,
https://en.wikipedia.org/wiki/Athletics_at_the_2024_Summer_Olympics_–_Men's_110_metres_hurdles,Semifinal 1,6,2,Qin Weibo,China,13.41 (.408),
https://en.wikipedia.org/wiki/Athletics_at_the_2024_Summer_Olympics_–_Men's_110_metres_hurdles,Semifinal 1,7,9,Raphaël Mohamed,France,13.41 (.410),
https://en.wikipedia.org/wiki/Athletics_at_the_2024_Summer_Olympics_–_Men's_110_metres_hurdles,Semifinal 1,8,7,Antoine Andrews,Bahamas,13.43,
https://en.wikipedia.org/wiki/Athletics_at_the_2024_Summer_Olympics_–_Men's_110_metres_hurdles,Semifinal 2,1,6,Rasheed Broadbell,Jamaica,13.21,Q
https://en.wikipedia.org/wiki/Athletics_at_the_2024_Summer_Olympics_–_Men's_110_metres_hurdles,Semifinal 2,2,2,Freddie Crittenden,United States,13.23,Q
https://en.wikipedia.org/wiki/Athletics_at_the_2024_Summer_Olympics_–_Men's_110_metres_hurdles,Semifinal 2,3,4,Louis François Mendy,Senegal,13.34 (.334),
https://en.wikipedia.org/wiki/Athletics_at_the_2024_Summer_Olympics_–_Men's_110_metres_hurdles,Semifinal 2,4,8,Sasha Zhoya,France,13.34 (.334),
https://en.wikipedia.org/wiki/Athletics_at_the_2024_Summer_Olympics_–_Men's_110_metres_hurdles,Semifinal 2,5,7,Lorenzo Ndele Simonelli,Italy,13.40,
https://en.wikipedia.org/wiki/Athletics_at_the_2024_Summer_Olympics_–_Men's_110_metres_hurdles,Semifinal 2,6,5,Jason Joseph,Switzerland,13.44,
https://en.wikipedia.org/wiki/Athletics_at_the_2024_Summer_Olympics_–_Men's_110_metres_hurdles,Semifinal 2,7,3,Tade Ojora,Great Britain,13.47,
https://en.wikipedia.org/wiki/Athletics_at_the_2024_Summer_Olympics_–_Men's_110_metres_hurdles,Semifinal 2,8,9,Rafael Pereira,Brazil,13.87,
https://en.wikipedia.org/wiki/Athletics_at_the_2024_Summer_Olympics_–_Men's_110_metres_hurdles,Semifinal 3,1,7,Orlando Bennett,Jamaica,13.09,"Q,PB"
https://en.wikipedia.org/wiki/Athletics_at_the_2024_Summer_Olympics_–_Men's_110_metres_hurdles,Semifinal 3,2,8,Daniel Roberts,United States,13.10,Q
https://en.wikipedia.org/wiki/Athletics_at_the_2024_Summer_Olympics_–_Men's_110_metres_hurdles,Semifinal 3,3,5,Shunsuke Izumiya,Japan,13.32 (.316),
https://en.wikipedia.org/wiki/Athletics_at_the_2024_Summer_Olympics_–_Men's_110_metres_hurdles,Semifinal 3,3,3,Milan Trajkovic,Cyprus,13.32 (.316),SB
https://en.wikipedia.org/wiki/Athletics_at_the_2024_Summer_Olympics_–_Men's_110_metres_hurdles,Semifinal 3,5,2,Asier Martínez,Spain,13.35,
https://en.wikipedia.org/wiki/Athletics_at_the_2024_Summer_Olympics_–_Men's_110_metres_hurdles,Semifinal 3,6,6,Eduardo de Deus,Brazil,13.43,
https://en.wikipedia.org/wiki/Athletics_at_the_2024_Summer_Olympics_–_Men's_110_metres_hurdles,Semifinal 3,7,4,Xu Zhuoyi,China,13.48,
https://en.wikipedia.org/wiki/Athletics_at_the_2024_Summer_Olympics_–_Men's_110_metres_hurdles,Semifinal 3,8,9,Wilhem Belocian,France,13.52,
https://en.wikipedia.org/wiki/Athletics_at_the_2024_Summer_Olympics_–_Men's_110_metres_hurdles,Final,,6,Grant Holloway,United States,12.99,
https://en.wikipedia.org/wiki/Athletics_at_the_2024_Summer_Olympics_–_Men's_110_metres_hurdles,Final,,4,Daniel Roberts,United States,13.09 (.085),
https://en.wikipedia.org/wiki/Athletics_at_the_2024_Summer_Olympics_–_Men's_110_metres_hurdles,Final,,5,Rasheed Broadbell,Jamaica,13.09 (.088),SB
https://en.wikipedia.org/wiki/Athletics_at_the_2024_Summer_Olympics_–_Men's_110_metres_hurdles,Final,4,3,Enrique Llopis,Spain,13.20,
https://en.wikipedia.org/wiki/Athletics_at_the_2024_Summer_Olympics_–_Men's_110_metres_hurdles,Final,5,9,Rachid Muratake,Japan,13.21,
https://en.wikipedia.org/wiki/Athletics_at_the_2024_Summer_Olympics_–_Men's_110_metres_hurdles,Final,6,8,Freddie Crittenden,United States,13.32,
https://en.wikipedia.org/wiki/Athletics_at_the_2024_Summer_Olympics_–_Men's_110_metres_hurdles,Final,7,7,Orlando Bennett,Jamaica,13.34,
https://en.wikipedia.org/wiki/Athletics_at_the_2024_Summer_Olympics_–_Men's_110_metres_hurdles,Final,8,2,Hansle Parchment,Jamaica,13.39,
https://en.wikipedia.org/wiki/Athletics_at_the_2024_Summer_Olympics_–_Men's_400_metres_hurdles,Semifinal 1,1,7,Karsten Warholm,Norway,47.67,Q
https://en.wikipedia.org/wiki/Athletics_at_the_2024_Summer_Olympics_–_Men's_400_metres_hurdles,Semifinal 1,2,6,Clément Ducos,France,47.85,Q
https://en.wikipedia.org/wiki/Athletics_at_the_2024_Summer_Olympics_–_Men's_400_metres_hurdles,Semifinal 1,3,9,Alison dos Santos,Brazil,47.95,q
https://en.wikipedia.org/wiki/Athletics_at_the_2024_Summer_Olympics_–_Men's_400_metres_hurdles,Semifinal 1,4,2,Trevor Bassitt,United States,48.29,
https://en.wikipedia.org/wiki/Athletics_at_the_2024_Summer_Olympics_–_Men's_400_metres_hurdles,Semifinal 1,5,5,Ezekiel Nathaniel,Nigeria,48.65,
https://en.wikipedia.org/wiki/Athletics_at_the_2024_Summer_Olympics_–_Men's_400_metres_hurdles,Semifinal 1,6,4,Nick Smidt,Netherlands,49.61,
https://en.wikipedia.org/wiki/Athletics_at_the_2024_Summer_Olympics_–_Men's_400_metres_hurdles,Semifinal 1,7,8,Jaheel Hyde,Jamaica,50.03,
https://en.wikipedia.org/wiki/Athletics_at_the_2024_Summer_Olympics_–_Men's_400_metres_hurdles,Semifinal 1,8,3,Joshua Abuaku,Germany,50.19,
https://en.wikipedia.org/wiki/Athletics_at_the_2024_Summer_Olympics_–_Men's_400_metres_hurdles,Semifinal 2,1,4,Kyron McMaster,British Virgin Islands,48.15,Q
https://en.wikipedia.org/wiki/Athletics_at_the_2024_Summer_Olympics_–_Men's_400_metres_hurdles,Semifinal 2,2,7,Rasmus Mägi,Estonia,48.16,Q
https://en.wikipedia.org/wiki/Athletics_at_the_2024_Summer_Olympics_–_Men's_400_metres_hurdles,Semifinal 2,3,5,Abderrahman Samba,Qatar,48.20,q
https://en.wikipedia.org/wiki/Athletics_at_the_2024_Summer_Olympics_–_Men's_400_metres_hurdles,Semifinal 2,4,8,CJ Allen,United States,48.44,
https://en.wikipedia.org/wiki/Athletics_at_the_2024_Summer_Olympics_–_Men's_400_metres_hurdles,Semifinal 2,5,3,Emil Agyekum,Germany,48.78,
https://en.wikipedia.org/wiki/Athletics_at_the_2024_Summer_Olympics_–_Men's_400_metres_hurdles,Semifinal 2,6,9,Alessandro Sibilio,Italy,48.79,
https://en.wikipedia.org/wiki/Athletics_at_the_2024_Summer_Olympics_–_Men's_400_metres_hurdles,Semifinal 2,7,6,Malik James-King,Jamaica,48.85,
https://en.wikipedia.org/wiki/Athletics_at_the_2024_Summer_Olympics_–_Men's_400_metres_hurdles,Semifinal 2,8,2,Berke Akçam,Turkey,49.12,
https://en.wikipedia.org/wiki/Athletics_at_the_2024_Summer_Olympics_–_Men's_400_metres_hurdles,Semifinal 3,1,5,Rai Benjamin,United States,47.85,Q
https://en.wikipedia.org/wiki/Athletics_at_the_2024_Summer_Olympics_–_Men's_400_metres_hurdles,Semifinal 3,2,8,Roshawn Clarke,Jamaica,48.34,Q
https://en.wikipedia.org/wiki/Athletics_at_the_2024_Summer_Olympics_–_Men's_400_metres_hurdles,Semifinal 3,3,7,Wilfried Happio,France,48.66,
https://en.wikipedia.org/wiki/Athletics_at_the_2024_Summer_Olympics_–_Men's_400_metres_hurdles,Semifinal 3,4,6,Matheus Lima,Brazil,49.08,
https://en.wikipedia.org/wiki/Athletics_at_the_2024_Summer_Olympics_–_Men's_400_metres_hurdles,Semifinal 3,5,4,Wiseman Mukhobe,Kenya,49.22,
https://en.wikipedia.org/wiki/Athletics_at_the_2024_Summer_Olympics_–_Men's_400_metres_hurdles,Semifinal 3,6,3,Carl Bengtström,Sweden,49.56,
https://en.wikipedia.org/wiki/Athletics_at_the_2024_Summer_Olympics_–_Men's_400_metres_hurdles,Semifinal 3,7,2,Gerald Drummond,Costa Rica,49.68,
https://en.wikipedia.org/wiki/Athletics_at_the_2024_Summer_Olympics_–_Men's_400_metres_hurdles,Semifinal 3,8,9,Alastair Chalmers,Great Britain,56.52,
https://en.wikipedia.org/wiki/Athletics_at_the_2024_Summer_Olympics_–_Men's_400_metres_hurdles,Final,,8,Rai Benjamin,United States,46.46,=SB
https://en.wikipedia.org/wiki/Athletics_at_the_2024_Summer_Olympics_–_Men's_400_metres_hurdles,Final,,7,Karsten Warholm,Norway,47.06,
https://en.wikipedia.org/wiki/Athletics_at_the_2024_Summer_Olympics_–_Men's_400_metres_hurdles,Final,,3,Alison dos Santos,Brazil,47.26,
https://en.wikipedia.org/wiki/Athletics_at_the_2024_Summer_Olympics_–_Men's_400_metres_hurdles,Final,4,5,Clément Ducos,France,47.76,
https://en.wikipedia.org/wiki/Athletics_at_the_2024_Summer_Olympics_–_Men's_400_metres_hurdles,Final,5,6,Kyron McMaster,British Virgin Islands,47.79,SB
https://en.wikipedia.org/wiki/Athletics_at_the_2024_Summer_Olympics_–_Men's_400_metres_hurdles,Final,6,2,Abderrahman Samba,Qatar,47.98,
https://en.wikipedia.org/wiki/Athletics_at_the_2024_Summer_Olympics_–_Men's_400_metres_hurdles,Final,7,4,Rasmus Mägi,Estonia,52.53,
https://en.wikipedia.org/wiki/Athletics_at_the_2024_Summer_Olympics_–_Men's_400_metres_hurdles,Final,-,9,Roshawn Clarke,Jamaica,DNF,
https://en.wikipedia.org/wiki/Athletics_at_the_2024_Summer_Olympics_–_Women's_400_metres_hurdles,Final,,5,Sydney McLaughlin-Levrone,United States,50.37,WR
https://en.wikipedia.org/wiki/Athletics_at_the_2024_Summer_Olympics_–_Women's_400_metres_hurdles,Final,,7,Anna Cockrell,United States,51.87,PB
https://en.wikipedia.org/wiki/Athletics_at_the_2024_Summer_Olympics_–_Women's_400_metres_hurdles,Final,,6,Femke Bol,Netherlands,52.15,
https://en.wikipedia.org/wiki/Athletics_at_the_2024_Summer_Olympics_–_Women's_400_metres_hurdles,Final,4,9,Jasmine Jones,United States,52.29,PB
https://en.wikipedia.org/wiki/Athletics_at_the_2024_Summer_Olympics_–_Women's_400_metres_hurdles,Final,5,8,Rushell Clayton,Jamaica,52.68,
https://en.wikipedia.org/wiki/Athletics_at_the_2024_Summer_Olympics_–_Women's_400_metres_hurdles,Final,6,2,Shiann Salmon,Jamaica,53.29,
https://en.wikipedia.org/wiki/Athletics_at_the_2024_Summer_Olympics_–_Women's_400_metres_hurdles,Final,7,3,Savannah Sutherland,Canada,53.88,
https://en.wikipedia.org/wiki/Athletics_at_the_2024_Summer_Olympics_–_Women's_400_metres_hurdles,Final,8,4,Louise Maraval,France,54.53,
https://en.wikipedia.org/wiki/Athletics_at_the_2024_Summer_Olympics_–_Men's_3000_metres_steeplechase,Heat 1,1,,Soufiane El Bakkali,Morocco,8:17.90,Q
https://en.wikipedia.org/wiki/Athletics_at_the_2024_Summer_Olympics_–_Men's_3000_metres_steeplechase,Heat 1,2,,Leonard Chemutai,Uganda,8:18.19,"Q,SB"
https://en.wikipedia.org/wiki/Athletics_at_the_2024_Summer_Olympics_–_Men's_3000_metres_steeplechase,Heat 1,3,,Getnet Wale,Ethiopia,8:18.25,Q
https://en.wikipedia.org/wiki/Athletics_at_the_2024_Summer_Olympics_–_Men's_3000_metres_steeplechase,Heat 1,4,,Daniel Arce,Spain,8:18.31,Q
https://en.wikipedia.org/wiki/Athletics_at_the_2024_Summer_Olympics_–_Men's_3000_metres_steeplechase,Heat 1,5,,Ahmed Jaziri,Tunisia,8:18.33,"Q,SB"
https://en.wikipedia.org/wiki/Athletics_at_the_2024_Summer_Olympics_–_Men's_3000_metres_steeplechase,Heat 1,6,,Amos Serem,Kenya,8:18.41,qR
https://en.wikipedia.org/wiki/Athletics_at_the_2024_Summer_Olympics_–_Men's_3000_metres_steeplechase,Heat 1,7,,Karl Bebendorf,Germany,8:20.46,
https://en.wikipedia.org/wiki/Athletics_at_the_2024_Summer_Olympics_–_Men's_3000_metres_steeplechase,Heat 1,8,,Nicolas-Marie Daru,France,8:20.52,
https://en.wikipedia.org/wiki/Athletics_at_the_2024_Summer_Olympics_–_Men's_3000_metres_steeplechase,Heat 1,9,,Ruben Querinjean,Luxembourg,8:27.97,
https://en.wikipedia.org/wiki/Athletics_at_the_2024_Summer_Olympics_–_Men's_3000_metres_steeplechase,Heat 1,10,,James Corrigan,United States,8:36.67,
https://en.wikipedia.org/wiki/Athletics_at_the_2024_Summer_Olympics_–_Men's_3000_metres_steeplechase,Heat 1,11,,Yassin Bouih,Italy,8:40.34,
https://en.wikipedia.org/wiki/Athletics_at_the_2024_Summer_Olympics_–_Men's_3000_metres_steeplechase,Heat 1,12,,Bilal Tabti,Algeria,9:04.81,
https://en.wikipedia.org/wiki/Athletics_at_the_2024_Summer_Olympics_–_Men's_3000_metres_steeplechase,Heat 2,1,,Mohamed Tindouft,Morocco,8:10.62,"Q,PB"
https://en.wikipedia.org/wiki/Athletics_at_the_2024_Summer_Olympics_–_Men's_3000_metres_steeplechase,Heat 2,2,,Samuel Firewu,Ethiopia,8:11.61,Q
https://en.wikipedia.org/wiki/Athletics_at_the_2024_Summer_Olympics_–_Men's_3000_metres_steeplechase,Heat 2,3,,Abraham Kibiwot,Kenya,8:12.02,Q
https://en.wikipedia.org/wiki/Athletics_at_the_2024_Summer_Olympics_–_Men's_3000_metres_steeplechase,Heat 2,4,,Ryuji Mira,Japan,8:12.41,Q
https://en.wikipedia.org/wiki/Athletics_at_the_2024_Summer_Olympics_–_Men's_3000_metres_steeplechase,Heat 2,5,,Avinash Sable,India,8:15.43,Q
https://en.wikipedia.org/wiki/Athletics_at_the_2024_Summer_Olympics_–_Men's_3000_metres_steeplechase,Heat 2,6,,Matthew Wilkinson,United States,8:16.82,
https://en.wikipedia.org/wiki/Athletics_at_the_2024_Summer_Olympics_–_Men's_3000_metres_steeplechase,Heat 2,7,,Nahuel Carabaña,Andorra,8:19.44,
https://en.wikipedia.org/wiki/Athletics_at_the_2024_Summer_Olympics_–_Men's_3000_metres_steeplechase,Heat 2,8,,Osama Zoghlami,Italy,8:20.52,
https://en.wikipedia.org/wiki/Athletics_at_the_2024_Summer_Olympics_–_Men's_3000_metres_steeplechase,Heat 2,9,,Alexis Miellet,France,8:22.08,
https://en.wikipedia.org/wiki/Athletics_at_the_2024_Summer_Olympics_–_Men's_3000_metres_steeplechase,Heat 2,10,,Velten Schneider,Germany,8:25.75,
https://en.wikipedia.org/wiki/Athletics_at_the_2024_Summer_Olympics_–_Men's_3000_metres_steeplechase,Heat 2,11,,Matthew Clarke,Australia,8:49.85,
https://en.wikipedia.org/wiki/Athletics_at_the_2024_Summer_Olympics_–_Men's_3000_metres_steeplechase,Heat 2,,,Tomáš Habarta,Czech Republic,DNF,
https://en.wikipedia.org/wiki/Athletics_at_the_2024_Summer_Olympics_–_Men's_3000_metres_steeplechase,Heat 3,1,,Lamecha Girma,Ethiopia,8:23.89,Q
https://en.wikipedia.org/wiki/Athletics_at_the_2024_Summer_Olympics_–_Men's_3000_metres_steeplechase,Heat 3,2,,Kenneth Rooks,United States,8:24.95 (.941),Q
https://en.wikipedia.org/wiki/Athletics_at_the_2024_Summer_Olympics_–_Men's_3000_metres_steeplechase,Heat 3,3,,Simon Koech,Kenya,8:24.95 (.942),Q
https://en.wikipedia.org/wiki/Athletics_at_the_2024_Summer_Olympics_–_Men's_3000_metres_steeplechase,Heat 3,4,,Mohamed Amin Jhinaoui,Tunisia,8:25.24,Q
https://en.wikipedia.org/wiki/Athletics_at_the_2024_Summer_Olympics_–_Men's_3000_metres_steeplechase,Heat 3,5,,Jean-Simon Desgagnés,Canada,8:25.28,Q
https://en.wikipedia.org/wiki/Athletics_at_the_2024_Summer_Olympics_–_Men's_3000_metres_steeplechase,Heat 3,6,,Frederik Ruppert,Germany,8:25.31,
https://en.wikipedia.org/wiki/Athletics_at_the_2024_Summer_Olympics_–_Men's_3000_metres_steeplechase,Heat 3,7,,Geordie Beamish,New Zealand,8:25.86,
https://en.wikipedia.org/wiki/Athletics_at_the_2024_Summer_Olympics_–_Men's_3000_metres_steeplechase,Heat 3,8,,Ryoma Aoki,Japan,8:29.03,
https://en.wikipedia.org/wiki/Athletics_at_the_2024_Summer_Olympics_–_Men's_3000_metres_steeplechase,Heat 3,9,,Louis Gilavert,France,8:29.16,
https://en.wikipedia.org/wiki/Athletics_at_the_2024_Summer_Olympics_–_Men's_3000_metres_steeplechase,Heat 3,10,,Ben Buckingham,Australia,8:32.12,
https://en.wikipedia.org/wiki/Athletics_at_the_2024_Summer_Olympics_–_Men's_3000_metres_steeplechase,Heat 3,11,,Topi Raitanen,Finland,8:33.12,
https://en.wikipedia.org/wiki/Athletics_at_the_2024_Summer_Olympics_–_Men's_3000_metres_steeplechase,Heat 3,12,,Faid El Mostafa,Morocco,8:39.48,
https://en.wikipedia.org/wiki/Athletics_at_the_2024_Summer_Olympics_–_Men's_3000_metres_steeplechase,Final,,,Soufiane El Bakkali,Morocco,8:06.05,SB
https://en.wikipedia.org/wiki/Athletics_at_the_2024_Summer_Olympics_–_Men's_3000_metres_steeplechase,Final,,,Kenneth Rooks,United States,8:06.41,PB
https://en.wikipedia.org/wiki/Athletics_at_the_2024_Summer_Olympics_–_Men's_3000_metres_steeplechase,Final,,,Abraham Kibiwot,Kenya,8:06.47,SB
https://en.wikipedia.org/wiki/Athletics_at_the_2024_Summer_Olympics_–_Men's_3000_metres_steeplechase,Final,4,,Mohamed Amin Jhinaoui,Tunisia,8:07.73,NR
https://en.wikipedia.org/wiki/Athletics_at_the_2024_Summer_Olympics_–_Men's_3000_metres_steeplechase,Final,5,,Ahmed Jaziri,Tunisia,8:08.02,PB
https://en.wikipedia.org/wiki/Athletics_at_the_2024_Summer_Olympics_–_Men's_3000_metres_steeplechase,Final,6,,Samuel Firewu,Ethiopia,8:08.87,
https://en.wikipedia.org/wiki/Athletics_at_the_2024_Summer_Olympics_–_Men's_3000_metres_steeplechase,Final,7,,Simon Koech,Kenya,8:09.87,SB
https://en.wikipedia.org/wiki/Athletics_at_the_2024_Summer_Olympics_–_Men's_3000_metres_steeplechase,Final,8,,Ryuji Miura,Japan,8:11.72,
https://en.wikipedia.org/wiki/Athletics_at_the_2024_Summer_Olympics_–_Men's_3000_metres_steeplechase,Final,9,,Getnet Wale,Ethiopia,8:12.33,
https://en.wikipedia.org/wiki/Athletics_at_the_2024_Summer_Olympics_–_Men's_3000_metres_steeplechase,Final,10,,Daniel Arce,Spain,8:13.80,
https://en.wikipedia.org/wiki/Athletics_at_the_2024_Summer_Olympics_–_Men's_3000_metres_steeplechase,Final,11,,Avinash Sable,India,8:14.18,
https://en.wikipedia.org/wiki/Athletics_at_the_2024_Summer_Olympics_–_Men's_3000_metres_steeplechase,Final,12,,Mohamed Tindouft,Morocco,8:14.82,
https://en.wikipedia.org/wiki/Athletics_at_the_2024_Summer_Olympics_–_Men's_3000_metres_steeplechase,Final,13,,Jean-Simon Desgagnés,Canada,8:19.31,
https://en.wikipedia.org/wiki/Athletics_at_the_2024_Summer_Olympics_–_Men's_3000_metres_steeplechase,Final,14,,Amos Serem,Kenya,8:19.74,
https://en.wikipedia.org/wiki/Athletics_at_the_2024_Summer_Olympics_–_Men's_3000_metres_steeplechase,Final,15,,Leonard Chemutai,Uganda,8:20.03,
https://en.wikipedia.org/wiki/Athletics_at_the_2024_Summer_Olympics_–_Men's_3000_metres_steeplechase,Final,,,Lamecha Girma,Ethiopia,DNF,
https://en.wikipedia.org/wiki/Athletics_at_the_2024_Summer_Olympics_–_Women's_3000_metres_steeplechase,Heat 1,1,,Peruth Chemutai,Uganda,9:10.51,Q
https://en.wikipedia.org/wiki/Athletics_at_the_2024_Summer_Olympics_–_Women's_3000_metres_steeplechase,Heat 1,2,,Faith Cherotich,Kenya,9:10.57,Q
https://en.wikipedia.org/wiki/Athletics_at_the_2024_Summer_Olympics_–_Women's_3000_metres_steeplechase,Heat 1,3,,Gesa Krause,Germany,9:10.68,"Q,SB"
https://en.wikipedia.org/wiki/Athletics_at_the_2024_Summer_Olympics_–_Women's_3000_metres_steeplechase,Heat 1,4,,Courtney Wayment,United States,9:10.72,Q
https://en.wikipedia.org/wiki/Athletics_at_the_2024_Summer_Olympics_–_Women's_3000_metres_steeplechase,Heat 1,5,,Lomi Muleta,Ethiopia,9:10.73,"Q,PB"
https://en.wikipedia.org/wiki/Athletics_at_the_2024_Summer_Olympics_–_Women's_3000_metres_steeplechase,Heat 1,6,,Marwa Bouzayani,Tunisia,9:10.91,PB
https://en.wikipedia.org/wiki/Athletics_at_the_2024_Summer_Olympics_–_Women's_3000_metres_steeplechase,Heat 1,7,,Carolina Robles,Spain,9:22.48,
https://en.wikipedia.org/wiki/Athletics_at_the_2024_Summer_Olympics_–_Women's_3000_metres_steeplechase,Heat 1,8,,Parul Chaudhary,India,9:23.39,SB
https://en.wikipedia.org/wiki/Athletics_at_the_2024_Summer_Olympics_–_Women's_3000_metres_steeplechase,Heat 1,9,,Aneta Konieczek,Poland,9:24.43,PB
https://en.wikipedia.org/wiki/Athletics_at_the_2024_Summer_Olympics_–_Women's_3000_metres_steeplechase,Heat 1,10,,Daisy Jepkemei,Kazakhstan,9:24.69,
https://en.wikipedia.org/wiki/Athletics_at_the_2024_Summer_Olympics_–_Women's_3000_metres_steeplechase,Heat 1,11,,Aimee Pratt,Great Britain,9:27.26,SB
https://en.wikipedia.org/wiki/Athletics_at_the_2024_Summer_Olympics_–_Women's_3000_metres_steeplechase,Heat 1,12,,Regan Yee,Canada,9:27.81,
https://en.wikipedia.org/wiki/Athletics_at_the_2024_Summer_Olympics_–_Women's_3000_metres_steeplechase,Heat 2,1,,Winfred Yavi,Bahrain,9:15.11,Q
https://en.wikipedia.org/wiki/Athletics_at_the_2024_Summer_Olympics_–_Women's_3000_metres_steeplechase,Heat 2,2,,Sembo Almayew,Ethiopia,9:15.42,Q
https://en.wikipedia.org/wiki/Athletics_at_the_2024_Summer_Olympics_–_Women's_3000_metres_steeplechase,Heat 2,3,,Valerie Constien,United States,9:16.33,Q
https://en.wikipedia.org/wiki/Athletics_at_the_2024_Summer_Olympics_–_Women's_3000_metres_steeplechase,Heat 2,4,,Elizabeth Bird,Great Britain,9:16.46,Q
https://en.wikipedia.org/wiki/Athletics_at_the_2024_Summer_Olympics_–_Women's_3000_metres_steeplechase,Heat 2,5,,Norah Jeruto,Kazakhstan,9:16.46,"Q,SB"
https://en.wikipedia.org/wiki/Athletics_at_the_2024_Summer_Olympics_–_Women's_3000_metres_steeplechase,Heat 2,6,,Olivia Gürth,Germany,9:16.47,PB
https://en.wikipedia.org/wiki/Athletics_at_the_2024_Summer_Olympics_–_Women's_3000_metres_steeplechase,Heat 2,7,,Ceili McCabe,Canada,9:20.71,
https://en.wikipedia.org/wiki/Athletics_at_the_2024_Summer_Olympics_–_Women's_3000_metres_steeplechase,Heat 2,8,,Kinga Królik,Poland,9:26.61,PB
https://en.wikipedia.org/wiki/Athletics_at_the_2024_Summer_Olympics_–_Women's_3000_metres_steeplechase,Heat 2,9,,Luiza Gega,Albania,9:27.41,
https://en.wikipedia.org/wiki/Athletics_at_the_2024_Summer_Olympics_–_Women's_3000_metres_steeplechase,Heat 2,10,,Flavie Renouard,France,9:27.70,SB
https://en.wikipedia.org/wiki/Athletics_at_the_2024_Summer_Olympics_–_Women's_3000_metres_steeplechase,Heat 2,11,,Cara Feain-Ryan,Australia,9:28.72,PB
https://en.wikipedia.org/wiki/Athletics_at_the_2024_Summer_Olympics_–_Women's_3000_metres_steeplechase,Heat 2,12,,Jackline Chepkoech,Kenya,9:35.56,
https://en.wikipedia.org/wiki/Athletics_at_the_2024_Summer_Olympics_–_Women's_3000_metres_steeplechase,Heat 3,1,,Beatrice Chepkoech,Kenya,9:13.56,Q
https://en.wikipedia.org/wiki/Athletics_at_the_2024_Summer_Olympics_–_Women's_3000_metres_steeplechase,Heat 3,2,,Alice Finot,France,9:14.78,Q
https://en.wikipedia.org/wiki/Athletics_at_the_2024_Summer_Olympics_–_Women's_3000_metres_steeplechase,Heat 3,3,,Lea Meyer,Germany,9:14.85,"Q,PB"
https://en.wikipedia.org/wiki/Athletics_at_the_2024_Summer_Olympics_–_Women's_3000_metres_steeplechase,Heat 3,4,,Alicja Konieczek,Poland,9:16.51,"Q,NR"
https://en.wikipedia.org/wiki/Athletics_at_the_2024_Summer_Olympics_–_Women's_3000_metres_steeplechase,Heat 3,5,,Irene Sánchez-Escribano,Spain,9:17.39,"Q,PB"
https://en.wikipedia.org/wiki/Athletics_at_the_2024_Summer_Olympics_–_Women's_3000_metres_steeplechase,Heat 3,6,,Ilona Mononen,Finland,9:22.77,NR
https://en.wikipedia.org/wiki/Athletics_at_the_2024_Summer_Olympics_–_Women's_3000_metres_steeplechase,Heat 3,7,,Marisa Howard,United States,9:24.78,
https://en.wikipedia.org/wiki/Athletics_at_the_2024_Summer_Olympics_–_Women's_3000_metres_steeplechase,Heat 3,8,,Stella Rutto,Romania,9:31.23,
https://en.wikipedia.org/wiki/Athletics_at_the_2024_Summer_Olympics_–_Women's_3000_metres_steeplechase,Heat 3,9,,Amy Cashin,Australia,9:32.93,
https://en.wikipedia.org/wiki/Athletics_at_the_2024_Summer_Olympics_–_Women's_3000_metres_steeplechase,Heat 3,10,,Tatiane Raquel da Silva,Brazil,9:33.96,SB
https://en.wikipedia.org/wiki/Athletics_at_the_2024_Summer_Olympics_–_Women's_3000_metres_steeplechase,Heat 3,11,,Belén Casetta,Argentina,9:34.78,
https://en.wikipedia.org/wiki/Athletics_at_the_2024_Summer_Olympics_–_Women's_3000_metres_steeplechase,Heat 3,12,,Xu Shuangshuang,China,9:43.50,
https://en.wikipedia.org/wiki/Athletics_at_the_2024_Summer_Olympics_–_Women's_3000_metres_steeplechase,Final,,,Winfred Yavi,Bahrain,8:52.76,OR
https://en.wikipedia.org/wiki/Athletics_at_the_2024_Summer_Olympics_–_Women's_3000_metres_steeplechase,Final,,,Peruth Chemutai,Uganda,8:53.34,NR
https://en.wikipedia.org/wiki/Athletics_at_the_2024_Summer_Olympics_–_Women's_3000_metres_steeplechase,Final,,,Faith Cherotich,Kenya,8:55.15,PB
https://en.wikipedia.org/wiki/Athletics_at_the_2024_Summer_Olympics_–_Women's_3000_metres_steeplechase,Final,4,,Alice Finot,France,8:58.67,ER
https://en.wikipedia.org/wiki/Athletics_at_the_2024_Summer_Olympics_–_Women's_3000_metres_steeplechase,Final,5,,Sembo Almayew,Ethiopia,9:00.83,SB
https://en.wikipedia.org/wiki/Athletics_at_the_2024_Summer_Olympics_–_Women's_3000_metres_steeplechase,Final,6,,Beatrice Chepkoech,Kenya,9:04.24,
https://en.wikipedia.org/wiki/Athletics_at_the_2024_Summer_Olympics_–_Women's_3000_metres_steeplechase,Final,7,,Elizabeth Bird,Great Britain,9:04.35,NR
https://en.wikipedia.org/wiki/Athletics_at_the_2024_Summer_Olympics_–_Women's_3000_metres_steeplechase,Final,8,,Lomi Muleta,Ethiopia,9:06.07,PB
https://en.wikipedia.org/wiki/Athletics_at_the_2024_Summer_Olympics_–_Women's_3000_metres_steeplechase,Final,9,,Norah Jeruto,Kazakhstan,9:08.97,SB
https://en.wikipedia.org/wiki/Athletics_at_the_2024_Summer_Olympics_–_Women's_3000_metres_steeplechase,Final,10,,Lea Meyer,Germany,9:09.59,PB
https://en.wikipedia.org/wiki/Athletics_at_the_2024_Summer_Olympics_–_Women's_3000_metres_steeplechase,Final,11,,Irene Sánchez-Escribano,Spain,9:10.43,PB
https://en.wikipedia.org/wiki/Athletics_at_the_2024_Summer_Olympics_–_Women's_3000_metres_steeplechase,Final,12,,Courtney Wayment,United States,9:13.60,
https://en.wikipedia.org/wiki/Athletics_at_the_2024_Summer_Olympics_–_Women's_3000_metres_steeplechase,Final,13,,Alicja Konieczek,Poland,9:21.31,
https://en.wikipedia.org/wiki/Athletics_at_the_2024_Summer_Olympics_–_Women's_3000_metres_steeplechase,Final,14,,Gesa Felicitas Krause,Germany,9:26.96,
https://en.wikipedia.org/wiki/Athletics_at_the_2024_Summer_Olympics_–_Women's_3000_metres_steeplechase,Final,15,,Valerie Constien,United States,9:34.08,
